k_sim,top_n,power,max_weight,penalty,mean_excess,min_excess,max_excess,neg_windows,vals,choices
30,1,6,0.1,0.5,0.020231898236812554,-0.054959746355198354,0.08483064603813921,3,"0.02975,0.00909,-0.05496,0.00444,-0.01703,0.03819,0.08483,-0.04190,0.02295,0.03704,0.06296,0.06744",ret_1d:high / ret_1d:high / ret_1d:high / ret_1d:high / gap_mean_20d:high / ret_1d:high / vol_ratio_5_20:low / ret_1d:high / gap_mean_20d:high / overnight_vol_20d:low / ret_1d:high / ret_1d:high
30,1,4,0.1,0.5,0.019849854940483483,-0.05090558882040716,0.08443379157159368,3,"0.02830,0.00750,-0.05091,0.00253,-0.01453,0.03471,0.08443,-0.03723,0.02259,0.03438,0.05990,0.06653",ret_1d:high / ret_1d:high / ret_1d:high / ret_1d:high / gap_mean_20d:high / ret_1d:high / vol_ratio_5_20:low / ret_1d:high / gap_mean_20d:high / overnight_vol_20d:low / ret_1d:high / ret_1d:high
30,1,4,0.08,0.5,0.017006623724813277,-0.04574129451800102,0.0784019616866562,4,"0.03414,0.00838,-0.04574,-0.00890,-0.01484,0.02192,0.07840,-0.02739,0.02257,0.03494,0.05019,0.05040",ret_1d:high / ret_1d:high / ret_1d:high / ret_1d:high / gap_mean_20d:high / ret_1d:high / vol_ratio_5_20:low / ret_1d:high / gap_mean_20d:high / overnight_vol_20d:low / ret_1d:high / ret_1d:high
30,1,6,0.08,0.5,0.016770851802686,-0.04518554985715529,0.07788600101418196,4,"0.03699,0.01007,-0.04519,-0.00773,-0.01803,0.02004,0.07789,-0.02924,0.02415,0.03426,0.04871,0.04934",ret_1d:high / ret_1d:high / ret_1d:high / ret_1d:high / gap_mean_20d:high / ret_1d:high / vol_ratio_5_20:low / ret_1d:high / gap_mean_20d:high / overnight_vol_20d:low / ret_1d:high / ret_1d:high
30,1,6,0.1,0.25,0.016386318713155403,-0.054959746355198354,0.06743906474911203,2,"0.02975,0.00909,-0.05496,0.00444,0.02076,0.03819,0.01451,-0.04190,0.00933,0.03704,0.06296,0.06744",ret_1d:high / ret_1d:high / ret_1d:high / ret_1d:high / ret_1d:high / ret_1d:high / ret_1d:high / ret_1d:high / vol_ratio_5_20:low / overnight_vol_20d:low / ret_1d:high / ret_1d:high
30,1,4,0.1,0.25,0.01571593316446161,-0.05090558882040716,0.06652721416769068,2,"0.02830,0.00750,-0.05091,0.00253,0.01783,0.03471,0.01463,-0.03723,0.01042,0.03438,0.05990,0.06653",ret_1d:high / ret_1d:high / ret_1d:high / ret_1d:high / ret_1d:high / ret_1d:high / ret_1d:high / ret_1d:high / vol_ratio_5_20:low / overnight_vol_20d:low / ret_1d:high / ret_1d:high
999,1,6,0.1,0.25,0.0156614898466009,-0.054959746355198354,0.06743906474911203,2,"0.02975,0.00909,-0.05496,0.00444,0.02076,0.03819,0.01451,-0.04190,0.02249,0.01518,0.06296,0.06744",ret_1d:high / ret_1d:high / ret_1d:high / ret_1d:high / ret_1d:high / ret_1d:high / ret_1d:high / ret_1d:high / ret_1d:high / ret_1d:high / ret_1d:high / ret_1d:high
30,2,6,0.1,0.5,0.015547885032411552,-0.0578024304982145,0.06743906474911203,4,"0.03394,0.00909,-0.05780,0.01692,-0.02249,0.03246,0.04339,-0.00036,0.02446,-0.01588,0.05542,0.06744",ret_1d:high|ret_15d:low / ret_1d:high|ret_15d:low / ret_1d:high|amount_z_20d:high / ret_1d:high|drawdown_20d:low / gap_mean_20d:high|vol_ratio_5_20:low / ret_1d:high|amount_z_20d:high / vol_ratio_5_20:low|overnight_vol_20d:low / ret_1d:high|vol_ratio_5_20:low / gap_mean_20d:high|vol_ratio_5_20:low / overnight_vol_20d:low|amount_z_20d:high / ret_1d:high|amount_z_20d:high / ret_1d:high|drawdown_20d:low
999,1,4,0.1,0.25,0.014917674885086177,-0.05090558882040716,0.06652721416769068,2,"0.02830,0.00750,-0.05091,0.00253,0.01783,0.03471,0.01463,-0.03723,0.02073,0.01449,0.05990,0.06653",ret_1d:high / ret_1d:high / ret_1d:high / ret_1d:high / ret_1d:high / ret_1d:high / ret_1d:high / ret_1d:high / ret_1d:high / ret_1d:high / ret_1d:high / ret_1d:high
30,2,4,0.1,0.5,0.014375720972101541,-0.05663076392194593,0.06652721416769068,4,"0.03408,0.00750,-0.05663,0.01470,-0.02370,0.03254,0.04363,-0.00246,0.02284,-0.01684,0.05033,0.06653",ret_1d:high|ret_15d:low / ret_1d:high|ret_15d:low / ret_1d:high|amount_z_20d:high / ret_1d:high|drawdown_20d:low / gap_mean_20d:high|vol_ratio_5_20:low / ret_1d:high|amount_z_20d:high / vol_ratio_5_20:low|overnight_vol_20d:low / ret_1d:high|vol_ratio_5_20:low / gap_mean_20d:high|vol_ratio_5_20:low / overnight_vol_20d:low|amount_z_20d:high / ret_1d:high|amount_z_20d:high / ret_1d:high|drawdown_20d:low
999,2,6,0.1,0.5,0.014359509979165373,-0.034772222494322595,0.03729905491956482,3,"0.03730,-0.00800,0.02817,-0.02887,-0.03477,0.00970,0.03406,0.00919,0.02347,0.03533,0.03551,0.03122",gap_mean_20d:high|ret_1d:high / gap_mean_20d:high|ret_1d:high / gap_mean_20d:high|ret_1d:high / gap_mean_20d:high|ret_1d:high / gap_mean_20d:high|ret_1d:high / gap_mean_20d:high|ret_1d:high / gap_mean_20d:high|ret_1d:high / gap_mean_20d:high|ret_1d:high / gap_mean_20d:high|ret_1d:high / gap_mean_20d:high|ret_1d:high / gap_mean_20d:high|ret_1d:high / gap_mean_20d:high|ret_1d:high
999,1,6,0.08,0.25,0.013968292202831733,-0.04518554985715529,0.04934445394228976,3,"0.03699,0.01007,-0.04519,-0.00773,0.02101,0.02004,0.01173,-0.02924,0.03556,0.01633,0.04871,0.04934",ret_1d:high / ret_1d:high / ret_1d:high / ret_1d:high / ret_1d:high / ret_1d:high / ret_1d:high / ret_1d:high / ret_1d:high / ret_1d:high / ret_1d:high / ret_1d:high
30,1,6,0.08,0.25,0.013404619906974334,-0.04518554985715529,0.04934445394228976,3,"0.03699,0.01007,-0.04519,-0.00773,0.02101,0.02004,0.01173,-0.02924,0.01087,0.03426,0.04871,0.04934",ret_1d:high / ret_1d:high / ret_1d:high / ret_1d:high / ret_1d:high / ret_1d:high / ret_1d:high / ret_1d:high / vol_ratio_5_20:low / overnight_vol_20d:low / ret_1d:high / ret_1d:high
999,1,4,0.08,0.25,0.013381278684365614,-0.04574129451800102,0.050399590679578866,3,"0.03414,0.00838,-0.04574,-0.00890,0.01984,0.02192,0.01142,-0.02739,0.03046,0.01584,0.05019,0.05040",ret_1d:high / ret_1d:high / ret_1d:high / ret_1d:high / ret_1d:high / ret_1d:high / ret_1d:high / ret_1d:high / ret_1d:high / ret_1d:high / ret_1d:high / ret_1d:high
30,1,4,0.08,0.25,0.01334393578633615,-0.04574129451800102,0.050399590679578866,3,"0.03414,0.00838,-0.04574,-0.00890,0.01984,0.02192,0.01142,-0.02739,0.01091,0.03494,0.05019,0.05040",ret_1d:high / ret_1d:high / ret_1d:high / ret_1d:high / ret_1d:high / ret_1d:high / ret_1d:high / ret_1d:high / vol_ratio_5_20:low / overnight_vol_20d:low / ret_1d:high / ret_1d:high
30,2,6,0.08,0.5,0.01329056825218014,-0.04757498431143898,0.04934445394228976,4,"0.03807,0.01007,-0.04757,0.02085,-0.02029,0.01932,0.04310,-0.00422,0.02169,-0.01491,0.04404,0.04934",ret_1d:high|ret_15d:low / ret_1d:high|ret_15d:low / ret_1d:high|amount_z_20d:high / ret_1d:high|drawdown_20d:low / gap_mean_20d:high|vol_ratio_5_20:low / ret_1d:high|amount_z_20d:high / vol_ratio_5_20:low|overnight_vol_20d:low / ret_1d:high|vol_ratio_5_20:low / gap_mean_20d:high|vol_ratio_5_20:low / overnight_vol_20d:low|amount_z_20d:high / ret_1d:high|amount_z_20d:high / ret_1d:high|drawdown_20d:low
999,2,4,0.1,0.5,0.013238025654620107,-0.03309608372244738,0.03674527465637836,3,"0.02918,-0.00702,0.02012,-0.02476,-0.03310,0.01334,0.03042,0.01107,0.01874,0.03330,0.03675,0.03082",gap_mean_20d:high|ret_1d:high / gap_mean_20d:high|ret_1d:high / gap_mean_20d:high|ret_1d:high / gap_mean_20d:high|ret_1d:high / gap_mean_20d:high|ret_1d:high / gap_mean_20d:high|ret_1d:high / gap_mean_20d:high|ret_1d:high / gap_mean_20d:high|ret_1d:high / gap_mean_20d:high|ret_1d:high / gap_mean_20d:high|ret_1d:high / gap_mean_20d:high|ret_1d:high / gap_mean_20d:high|ret_1d:high
30,1,4,0.06,0.5,0.013154158406829436,-0.038013742708319524,0.07078660216844046,4,"0.02788,0.01097,-0.03801,-0.02471,-0.01017,0.00529,0.07079,-0.00692,0.02077,0.03250,0.03804,0.03143",ret_1d:high / ret_1d:high / ret_1d:high / ret_1d:high / gap_mean_20d:high / ret_1d:high / vol_ratio_5_20:low / ret_1d:high / gap_mean_20d:high / overnight_vol_20d:low / ret_1d:high / ret_1d:high
30,1,6,0.06,0.5,0.01308500350917755,-0.03868986319189406,0.07011040076067944,4,"0.02748,0.01055,-0.03869,-0.02650,-0.01013,0.00345,0.07011,-0.00399,0.02092,0.03292,0.03975,0.03115",ret_1d:high / ret_1d:high / ret_1d:high / ret_1d:high / gap_mean_20d:high / ret_1d:high / vol_ratio_5_20:low / ret_1d:high / gap_mean_20d:high / overnight_vol_20d:low / ret_1d:high / ret_1d:high
30,2,4,0.08,0.5,0.01289282447411469,-0.04858749163970651,0.050399590679578866,4,"0.03310,0.00838,-0.04859,0.01926,-0.01967,0.01922,0.04454,-0.00507,0.02204,-0.01212,0.04322,0.05040",ret_1d:high|ret_15d:low / ret_1d:high|ret_15d:low / ret_1d:high|amount_z_20d:high / ret_1d:high|drawdown_20d:low / gap_mean_20d:high|vol_ratio_5_20:low / ret_1d:high|amount_z_20d:high / vol_ratio_5_20:low|overnight_vol_20d:low / ret_1d:high|vol_ratio_5_20:low / gap_mean_20d:high|vol_ratio_5_20:low / overnight_vol_20d:low|amount_z_20d:high / ret_1d:high|amount_z_20d:high / ret_1d:high|drawdown_20d:low
999,2,4,0.08,0.5,0.012273243456388182,-0.03143118509595991,0.037131838892774126,3,"0.03713,-0.00934,0.01688,-0.02814,-0.03143,0.01204,0.03179,0.00288,0.02368,0.03117,0.02625,0.03438",gap_mean_20d:high|ret_1d:high / gap_mean_20d:high|ret_1d:high / gap_mean_20d:high|ret_1d:high / gap_mean_20d:high|ret_1d:high / gap_mean_20d:high|ret_1d:high / gap_mean_20d:high|ret_1d:high / gap_mean_20d:high|ret_1d:high / gap_mean_20d:high|ret_1d:high / gap_mean_20d:high|ret_1d:high / gap_mean_20d:high|ret_1d:high / gap_mean_20d:high|ret_1d:high / gap_mean_20d:high|ret_1d:high
999,2,6,0.08,0.5,0.01215970256547228,-0.029462831579838186,0.03622027241339284,3,"0.03622,-0.01114,0.01515,-0.02552,-0.02946,0.01212,0.03042,0.00256,0.02411,0.03278,0.02436,0.03432",gap_mean_20d:high|ret_1d:high / gap_mean_20d:high|ret_1d:high / gap_mean_20d:high|ret_1d:high / gap_mean_20d:high|ret_1d:high / gap_mean_20d:high|ret_1d:high / gap_mean_20d:high|ret_1d:high / gap_mean_20d:high|ret_1d:high / gap_mean_20d:high|ret_1d:high / gap_mean_20d:high|ret_1d:high / gap_mean_20d:high|ret_1d:high / gap_mean_20d:high|ret_1d:high / gap_mean_20d:high|ret_1d:high
30,3,4,0.1,0.5,0.010430129500961281,-0.05663076392194593,0.06652721416769068,3,"0.01212,0.00750,-0.05663,0.01978,-0.03864,0.03254,0.01392,-0.02168,0.01883,0.02058,0.05033,0.06653",ret_1d:high|ret_15d:low|amount_z_20d:high / ret_1d:high|ret_15d:low|drawdown_20d:low / ret_1d:high|amount_z_20d:high|ret_15d:low / ret_1d:high|drawdown_20d:low|gap_mean_20d:high / gap_mean_20d:high|vol_ratio_5_20:low|ret_3d:high / ret_1d:high|amount_z_20d:high|ret_3d:high / vol_ratio_5_20:low|overnight_vol_20d:low|intraday_mean_20d:low / ret_1d:high|vol_ratio_5_20:low|amount_z_20d:high / gap_mean_20d:high|vol_ratio_5_20:low|intraday_mean_20d:low / overnight_vol_20d:low|amount_z_20d:high|ret_1d:high / ret_1d:high|amount_z_20d:high|ret_3d:high / ret_1d:high|drawdown_20d:low|amount_z_20d:high
30,3,6,0.1,0.5,0.010276333383598813,-0.0578024304982145,0.06743906474911203,3,"0.01108,0.00909,-0.05780,0.01866,-0.03929,0.03246,0.01219,-0.02388,0.01769,0.02027,0.05542,0.06744",ret_1d:high|ret_15d:low|amount_z_20d:high / ret_1d:high|ret_15d:low|drawdown_20d:low / ret_1d:high|amount_z_20d:high|ret_15d:low / ret_1d:high|drawdown_20d:low|gap_mean_20d:high / gap_mean_20d:high|vol_ratio_5_20:low|ret_3d:high / ret_1d:high|amount_z_20d:high|ret_3d:high / vol_ratio_5_20:low|overnight_vol_20d:low|intraday_mean_20d:low / ret_1d:high|vol_ratio_5_20:low|amount_z_20d:high / gap_mean_20d:high|vol_ratio_5_20:low|intraday_mean_20d:low / overnight_vol_20d:low|amount_z_20d:high|ret_1d:high / ret_1d:high|amount_z_20d:high|ret_3d:high / ret_1d:high|drawdown_20d:low|amount_z_20d:high
999,2,6,0.1,0.25,0.010208217328994261,-0.054959746355198354,0.03729905491956482,3,"0.03730,-0.00800,-0.05496,0.00444,-0.03477,0.00970,0.03406,0.00919,0.02347,0.03533,0.03551,0.03122",ret_1d:high|gap_mean_20d:high / ret_1d:high|gap_mean_20d:high / ret_1d:high|gap_mean_20d:high / ret_1d:high|gap_mean_20d:high / ret_1d:high|gap_mean_20d:high / ret_1d:high|gap_mean_20d:high / ret_1d:high|gap_mean_20d:high / ret_1d:high|gap_mean_20d:high / ret_1d:high|gap_mean_20d:high / ret_1d:high|gap_mean_20d:high / ret_1d:high|gap_mean_20d:high / ret_1d:high|gap_mean_20d:high
20,3,6,0.1,0.5,0.010139003694851089,-0.04019179611665373,0.06212418730741343,3,"0.02975,0.00909,-0.03991,0.01865,-0.04019,0.03368,0.01340,0.04037,0.00040,-0.02672,0.06212,0.02103",ret_1d:high|amount_z_20d:high|ret_15d:low / ret_1d:high|ret_15d:low|drawdown_20d:low / ret_1d:high|ret_15d:low|amount_z_20d:high / drawdown_20d:low|gap_mean_20d:high|ret_1d:high / vol_ratio_5_20:low|overnight_vol_20d:low|amount_z_20d:high / ret_1d:high|ret_3d:high|ret_15d:low / ret_1d:high|vol_ratio_5_20:low|gap_mean_20d:high / ret_1d:high|vol_ratio_5_20:low|overnight_vol_20d:low / intraday_mean_20d:low|overnight_vol_20d:low|gap_mean_20d:high / obv_20d:high|overnight_vol_20d:low|ret_1d:high / ret_1d:high|amount_z_20d:high|ret_3d:high / ret_1d:high|amount_z_20d:high|ret_3d:high
30,2,4,0.06,0.5,0.009977194750927575,-0.04409666513368125,0.048782468294285085,4,"0.02905,0.01097,-0.04410,0.01870,-0.01685,0.00797,0.04878,-0.01029,0.01784,-0.00603,0.03225,0.03143",ret_1d:high|ret_15d:low / ret_1d:high|ret_15d:low / ret_1d:high|amount_z_20d:high / ret_1d:high|drawdown_20d:low / gap_mean_20d:high|vol_ratio_5_20:low / ret_1d:high|amount_z_20d:high / vol_ratio_5_20:low|overnight_vol_20d:low / ret_1d:high|vol_ratio_5_20:low / gap_mean_20d:high|vol_ratio_5_20:low / overnight_vol_20d:low|amount_z_20d:high / ret_1d:high|amount_z_20d:high / ret_1d:high|drawdown_20d:low
999,1,4,0.06,0.25,0.009941301048382365,-0.038013742708319524,0.03803593946290043,3,"0.02788,0.01097,-0.03801,-0.02471,0.01737,0.00529,0.00710,-0.00692,0.03650,0.01437,0.03804,0.03143",ret_1d:high / ret_1d:high / ret_1d:high / ret_1d:high / ret_1d:high / ret_1d:high / ret_1d:high / ret_1d:high / ret_1d:high / ret_1d:high / ret_1d:high / ret_1d:high
20,3,4,0.1,0.5,0.0096900161236017,-0.04075506268211681,0.0616965666566457,3,"0.02830,0.00750,-0.04076,0.01977,-0.03920,0.02907,0.01272,0.03998,0.00044,-0.02419,0.06170,0.02095",ret_1d:high|amount_z_20d:high|ret_15d:low / ret_1d:high|ret_15d:low|drawdown_20d:low / ret_1d:high|ret_15d:low|amount_z_20d:high / drawdown_20d:low|gap_mean_20d:high|ret_1d:high / vol_ratio_5_20:low|overnight_vol_20d:low|amount_z_20d:high / ret_1d:high|ret_3d:high|ret_15d:low / ret_1d:high|vol_ratio_5_20:low|gap_mean_20d:high / ret_1d:high|vol_ratio_5_20:low|overnight_vol_20d:low / intraday_mean_20d:low|overnight_vol_20d:low|gap_mean_20d:high / obv_20d:high|overnight_vol_20d:low|ret_1d:high / ret_1d:high|amount_z_20d:high|ret_3d:high / ret_1d:high|amount_z_20d:high|ret_3d:high
30,2,6,0.06,0.5,0.009689333477131844,-0.044321362903114114,0.050672951172726174,4,"0.02911,0.01055,-0.04432,0.01837,-0.01915,0.00696,0.05067,-0.01089,0.01745,-0.00540,0.03177,0.03115",ret_1d:high|ret_15d:low / ret_1d:high|ret_15d:low / ret_1d:high|amount_z_20d:high / ret_1d:high|drawdown_20d:low / gap_mean_20d:high|vol_ratio_5_20:low / ret_1d:high|amount_z_20d:high / vol_ratio_5_20:low|overnight_vol_20d:low / ret_1d:high|vol_ratio_5_20:low / gap_mean_20d:high|vol_ratio_5_20:low / overnight_vol_20d:low|amount_z_20d:high / ret_1d:high|amount_z_20d:high / ret_1d:high|drawdown_20d:low
999,1,6,0.06,0.25,0.00963218826233276,-0.03868986319189406,0.03974937366114509,3,"0.02748,0.01055,-0.03869,-0.02650,0.01748,0.00345,0.00656,-0.00399,0.03614,0.01220,0.03975,0.03115",ret_1d:high / ret_1d:high / ret_1d:high / ret_1d:high / ret_1d:high / ret_1d:high / ret_1d:high / ret_1d:high / ret_1d:high / ret_1d:high / ret_1d:high / ret_1d:high
999,2,4,0.1,0.25,0.009594076691599694,-0.05090558882040716,0.03674527465637836,3,"0.02918,-0.00702,-0.05091,0.00253,-0.03310,0.01334,0.03042,0.01107,0.01874,0.03330,0.03675,0.03082",ret_1d:high|gap_mean_20d:high / ret_1d:high|gap_mean_20d:high / ret_1d:high|gap_mean_20d:high / ret_1d:high|gap_mean_20d:high / ret_1d:high|gap_mean_20d:high / ret_1d:high|gap_mean_20d:high / ret_1d:high|gap_mean_20d:high / ret_1d:high|gap_mean_20d:high / ret_1d:high|gap_mean_20d:high / ret_1d:high|gap_mean_20d:high / ret_1d:high|gap_mean_20d:high / ret_1d:high|gap_mean_20d:high
30,1,4,0.06,0.25,0.009508769155503189,-0.038013742708319524,0.03803593946290043,3,"0.02788,0.01097,-0.03801,-0.02471,0.01737,0.00529,0.00710,-0.00692,0.01318,0.03250,0.03804,0.03143",ret_1d:high / ret_1d:high / ret_1d:high / ret_1d:high / ret_1d:high / ret_1d:high / ret_1d:high / ret_1d:high / vol_ratio_5_20:low / overnight_vol_20d:low / ret_1d:high / ret_1d:high
30,1,6,0.06,0.25,0.009448133522137527,-0.03868986319189406,0.03974937366114509,3,"0.02748,0.01055,-0.03869,-0.02650,0.01748,0.00345,0.00656,-0.00399,0.01321,0.03292,0.03975,0.03115",ret_1d:high / ret_1d:high / ret_1d:high / ret_1d:high / ret_1d:high / ret_1d:high / ret_1d:high / ret_1d:high / vol_ratio_5_20:low / overnight_vol_20d:low / ret_1d:high / ret_1d:high
20,3,6,0.08,0.5,0.009234740828753083,-0.03933417074423012,0.046494686356521105,4,"0.03699,0.01007,-0.03470,0.01888,-0.03933,0.01506,0.02147,0.03921,-0.00017,-0.01811,0.04649,0.01497",ret_1d:high|amount_z_20d:high|ret_15d:low / ret_1d:high|ret_15d:low|drawdown_20d:low / ret_1d:high|ret_15d:low|amount_z_20d:high / drawdown_20d:low|gap_mean_20d:high|ret_1d:high / vol_ratio_5_20:low|overnight_vol_20d:low|amount_z_20d:high / ret_1d:high|ret_3d:high|ret_15d:low / ret_1d:high|vol_ratio_5_20:low|gap_mean_20d:high / ret_1d:high|vol_ratio_5_20:low|overnight_vol_20d:low / intraday_mean_20d:low|overnight_vol_20d:low|gap_mean_20d:high / obv_20d:high|overnight_vol_20d:low|ret_1d:high / ret_1d:high|amount_z_20d:high|ret_3d:high / ret_1d:high|amount_z_20d:high|ret_3d:high
30,3,6,0.08,0.5,0.009228973710960927,-0.04757498431143898,0.04934445394228976,3,"0.01764,0.01007,-0.04757,0.01891,-0.03518,0.01932,0.01576,-0.01615,0.01897,0.01561,0.04404,0.04934",ret_1d:high|ret_15d:low|amount_z_20d:high / ret_1d:high|ret_15d:low|drawdown_20d:low / ret_1d:high|amount_z_20d:high|ret_15d:low / ret_1d:high|drawdown_20d:low|gap_mean_20d:high / gap_mean_20d:high|vol_ratio_5_20:low|ret_3d:high / ret_1d:high|amount_z_20d:high|ret_3d:high / vol_ratio_5_20:low|overnight_vol_20d:low|intraday_mean_20d:low / ret_1d:high|vol_ratio_5_20:low|amount_z_20d:high / gap_mean_20d:high|vol_ratio_5_20:low|intraday_mean_20d:low / overnight_vol_20d:low|amount_z_20d:high|ret_1d:high / ret_1d:high|amount_z_20d:high|ret_3d:high / ret_1d:high|drawdown_20d:low|amount_z_20d:high
999,2,4,0.06,0.5,0.00921837498352422,-0.02810138669132796,0.03796663074055953,4,"0.03232,-0.00696,0.00442,-0.02735,-0.02810,0.01672,0.02879,-0.00376,0.01422,0.02519,0.01717,0.03797",gap_mean_20d:high|ret_1d:high / gap_mean_20d:high|ret_1d:high / gap_mean_20d:high|ret_1d:high / gap_mean_20d:high|ret_1d:high / gap_mean_20d:high|ret_1d:high / gap_mean_20d:high|ret_1d:high / gap_mean_20d:high|ret_1d:high / gap_mean_20d:high|ret_1d:high / gap_mean_20d:high|ret_1d:high / gap_mean_20d:high|ret_1d:high / gap_mean_20d:high|ret_1d:high / gap_mean_20d:high|ret_1d:high
20,3,4,0.08,0.5,0.009128960014081044,-0.03963348624723975,0.048572106919260435,3,"0.03414,0.00838,-0.03877,0.01774,-0.03963,0.01693,0.02227,0.03936,0.00072,-0.01724,0.04857,0.01707",ret_1d:high|amount_z_20d:high|ret_15d:low / ret_1d:high|ret_15d:low|drawdown_20d:low / ret_1d:high|ret_15d:low|amount_z_20d:high / drawdown_20d:low|gap_mean_20d:high|ret_1d:high / vol_ratio_5_20:low|overnight_vol_20d:low|amount_z_20d:high / ret_1d:high|ret_3d:high|ret_15d:low / ret_1d:high|vol_ratio_5_20:low|gap_mean_20d:high / ret_1d:high|vol_ratio_5_20:low|overnight_vol_20d:low / intraday_mean_20d:low|overnight_vol_20d:low|gap_mean_20d:high / obv_20d:high|overnight_vol_20d:low|ret_1d:high / ret_1d:high|amount_z_20d:high|ret_3d:high / ret_1d:high|amount_z_20d:high|ret_3d:high
30,3,4,0.08,0.5,0.009046539312511396,-0.04858749163970651,0.050399590679578866,3,"0.01543,0.00838,-0.04859,0.01776,-0.03487,0.01922,0.01610,-0.01390,0.01936,0.01606,0.04322,0.05040",ret_1d:high|ret_15d:low|amount_z_20d:high / ret_1d:high|ret_15d:low|drawdown_20d:low / ret_1d:high|amount_z_20d:high|ret_15d:low / ret_1d:high|drawdown_20d:low|gap_mean_20d:high / gap_mean_20d:high|vol_ratio_5_20:low|ret_3d:high / ret_1d:high|amount_z_20d:high|ret_3d:high / vol_ratio_5_20:low|overnight_vol_20d:low|intraday_mean_20d:low / ret_1d:high|vol_ratio_5_20:low|amount_z_20d:high / gap_mean_20d:high|vol_ratio_5_20:low|intraday_mean_20d:low / overnight_vol_20d:low|amount_z_20d:high|ret_1d:high / ret_1d:high|amount_z_20d:high|ret_3d:high / ret_1d:high|drawdown_20d:low|amount_z_20d:high
999,2,6,0.06,0.5,0.008861580249411014,-0.028064814528199748,0.03922464563220848,4,"0.03252,-0.00626,0.00499,-0.02806,-0.02722,0.01653,0.02640,-0.00550,0.01325,0.02552,0.01495,0.03922",gap_mean_20d:high|ret_1d:high / gap_mean_20d:high|ret_1d:high / gap_mean_20d:high|ret_1d:high / gap_mean_20d:high|ret_1d:high / gap_mean_20d:high|ret_1d:high / gap_mean_20d:high|ret_1d:high / gap_mean_20d:high|ret_1d:high / gap_mean_20d:high|ret_1d:high / gap_mean_20d:high|ret_1d:high / gap_mean_20d:high|ret_1d:high / gap_mean_20d:high|ret_1d:high / gap_mean_20d:high|ret_1d:high
30,2,6,0.08,0.25,0.008783607068647274,-0.04073746622085028,0.04403659934656351,5,"-0.00016,0.01332,-0.04074,-0.00773,-0.00779,0.01371,0.02549,-0.02924,0.02169,0.03426,0.04404,0.03855",ret_1d:high|amount_z_20d:high / ret_1d:high|gap_mean_20d:high / ret_1d:high|amount_z_20d:high / ret_1d:high|gap_mean_20d:high / ret_1d:high|ret_3d:high / ret_1d:high|amount_z_20d:high / ret_1d:high|vol_ratio_5_20:low / ret_1d:high|vol_ratio_5_20:low / vol_ratio_5_20:low|gap_mean_20d:high / overnight_vol_20d:low|ret_1d:high / ret_1d:high|amount_z_20d:high / ret_1d:high|gap_mean_20d:high
999,2,4,0.08,0.25,0.008659018342453598,-0.04574129451800102,0.037131838892774126,4,"0.03713,-0.00934,-0.04574,-0.00890,-0.03143,0.01204,0.03179,0.00288,0.02368,0.03117,0.02625,0.03438",ret_1d:high|gap_mean_20d:high / ret_1d:high|gap_mean_20d:high / ret_1d:high|gap_mean_20d:high / ret_1d:high|gap_mean_20d:high / ret_1d:high|gap_mean_20d:high / ret_1d:high|gap_mean_20d:high / ret_1d:high|gap_mean_20d:high / ret_1d:high|gap_mean_20d:high / ret_1d:high|gap_mean_20d:high / ret_1d:high|gap_mean_20d:high / ret_1d:high|gap_mean_20d:high / ret_1d:high|gap_mean_20d:high
999,2,6,0.08,0.25,0.008614639408727143,-0.04518554985715529,0.03622027241339284,4,"0.03622,-0.01114,-0.04519,-0.00773,-0.02946,0.01212,0.03042,0.00256,0.02411,0.03278,0.02436,0.03432",ret_1d:high|gap_mean_20d:high / ret_1d:high|gap_mean_20d:high / ret_1d:high|gap_mean_20d:high / ret_1d:high|gap_mean_20d:high / ret_1d:high|gap_mean_20d:high / ret_1d:high|gap_mean_20d:high / ret_1d:high|gap_mean_20d:high / ret_1d:high|gap_mean_20d:high / ret_1d:high|gap_mean_20d:high / ret_1d:high|gap_mean_20d:high / ret_1d:high|gap_mean_20d:high / ret_1d:high|gap_mean_20d:high
12,1,6,0.1,0.5,0.008507331187391122,-0.054959746355198354,0.06743906474911203,4,"0.02975,0.00909,-0.05496,0.03122,-0.02566,0.03819,0.01451,-0.04190,0.00916,-0.03771,0.06296,0.06744",ret_1d:high / ret_1d:high / ret_1d:high / overnight_vol_20d:low / vol_ratio_5_20:low / ret_1d:high / ret_1d:high / ret_1d:high / intraday_mean_20d:low / obv_20d:high / ret_1d:high / ret_1d:high
12,1,4,0.1,0.5,0.008401026010332156,-0.05090558882040716,0.06652721416769068,4,"0.02830,0.00750,-0.05091,0.03104,-0.02248,0.03471,0.01463,-0.03723,0.01048,-0.04165,0.05990,0.06653",ret_1d:high / ret_1d:high / ret_1d:high / overnight_vol_20d:low / vol_ratio_5_20:low / ret_1d:high / ret_1d:high / ret_1d:high / intraday_mean_20d:low / obv_20d:high / ret_1d:high / ret_1d:high
30,2,4,0.08,0.25,0.008314303347514982,-0.04245335328056314,0.04320423018584437,4,"0.00175,0.01303,-0.04245,-0.00890,-0.00926,0.01131,0.02397,-0.02739,0.02204,0.03494,0.04320,0.03753",ret_1d:high|amount_z_20d:high / ret_1d:high|gap_mean_20d:high / ret_1d:high|amount_z_20d:high / ret_1d:high|gap_mean_20d:high / ret_1d:high|ret_3d:high / ret_1d:high|amount_z_20d:high / ret_1d:high|vol_ratio_5_20:low / ret_1d:high|vol_ratio_5_20:low / vol_ratio_5_20:low|gap_mean_20d:high / overnight_vol_20d:low|ret_1d:high / ret_1d:high|amount_z_20d:high / ret_1d:high|gap_mean_20d:high
30,3,4,0.06,0.25,0.008075138457043267,-0.024711775566061543,0.04069334338180449,5,"-0.00959,0.01048,-0.01928,-0.02471,-0.01195,0.01084,0.01695,-0.00692,0.02245,0.03250,0.04069,0.03545",ret_1d:high|amount_z_20d:high|ret_15d:low / ret_1d:high|gap_mean_20d:high|ret_15d:low / ret_1d:high|amount_z_20d:high|gap_mean_20d:high / ret_1d:high|gap_mean_20d:high|drawdown_20d:low / ret_1d:high|ret_3d:high|gap_mean_20d:high / ret_1d:high|amount_z_20d:high|ret_3d:high / ret_1d:high|vol_ratio_5_20:low|ret_15d:low / ret_1d:high|vol_ratio_5_20:low|drawdown_20d:low / vol_ratio_5_20:low|gap_mean_20d:high|intraday_mean_20d:low / overnight_vol_20d:low|ret_1d:high|amount_z_20d:high / ret_1d:high|amount_z_20d:high|ret_3d:high / ret_1d:high|gap_mean_20d:high|amount_z_20d:high
12,1,6,0.1,0.25,0.008064955889080034,-0.054959746355198354,0.06743906474911203,4,"0.02975,0.00909,-0.05496,0.03122,-0.03096,0.03819,0.01451,-0.04190,0.00916,-0.03771,0.06296,0.06744",ret_1d:high / ret_1d:high / ret_1d:high / overnight_vol_20d:low / overnight_vol_20d:low / ret_1d:high / ret_1d:high / ret_1d:high / intraday_mean_20d:low / obv_20d:high / ret_1d:high / ret_1d:high
12,1,4,0.08,0.5,0.008006768554153105,-0.04574129451800102,0.050399590679578866,4,"0.03414,0.00838,-0.04574,0.03209,-0.02050,0.02192,0.01142,-0.02739,0.00959,-0.02843,0.05019,0.05040",ret_1d:high / ret_1d:high / ret_1d:high / overnight_vol_20d:low / vol_ratio_5_20:low / ret_1d:high / ret_1d:high / ret_1d:high / intraday_mean_20d:low / obv_20d:high / ret_1d:high / ret_1d:high
12,1,6,0.08,0.5,0.007968882915158937,-0.04518554985715529,0.04934445394228976,4,"0.03699,0.01007,-0.04519,0.03162,-0.02104,0.02004,0.01173,-0.02924,0.00946,-0.02686,0.04871,0.04934",ret_1d:high / ret_1d:high / ret_1d:high / overnight_vol_20d:low / vol_ratio_5_20:low / ret_1d:high / ret_1d:high / ret_1d:high / intraday_mean_20d:low / obv_20d:high / ret_1d:high / ret_1d:high
30,3,6,0.06,0.25,0.007912529450750687,-0.026504383302873524,0.038199862670325005,5,"-0.00900,0.00956,-0.01907,-0.02650,-0.01192,0.01094,0.01701,-0.00399,0.02214,0.03292,0.03820,0.03466",ret_1d:high|amount_z_20d:high|ret_15d:low / ret_1d:high|gap_mean_20d:high|ret_15d:low / ret_1d:high|amount_z_20d:high|gap_mean_20d:high / ret_1d:high|gap_mean_20d:high|drawdown_20d:low / ret_1d:high|ret_3d:high|gap_mean_20d:high / ret_1d:high|amount_z_20d:high|ret_3d:high / ret_1d:high|vol_ratio_5_20:low|ret_15d:low / ret_1d:high|vol_ratio_5_20:low|drawdown_20d:low / vol_ratio_5_20:low|gap_mean_20d:high|intraday_mean_20d:low / overnight_vol_20d:low|ret_1d:high|amount_z_20d:high / ret_1d:high|amount_z_20d:high|ret_3d:high / ret_1d:high|gap_mean_20d:high|amount_z_20d:high
30,3,6,0.08,0.25,0.0077854249041451875,-0.02924150617935625,0.05889172252367196,5,"-0.01877,0.01332,-0.02921,-0.00773,-0.01865,0.01646,0.01853,-0.02924,0.01897,0.03426,0.05889,0.03660",ret_1d:high|amount_z_20d:high|ret_15d:low / ret_1d:high|gap_mean_20d:high|ret_15d:low / ret_1d:high|amount_z_20d:high|gap_mean_20d:high / ret_1d:high|gap_mean_20d:high|drawdown_20d:low / ret_1d:high|ret_3d:high|gap_mean_20d:high / ret_1d:high|amount_z_20d:high|ret_3d:high / ret_1d:high|vol_ratio_5_20:low|ret_15d:low / ret_1d:high|vol_ratio_5_20:low|drawdown_20d:low / vol_ratio_5_20:low|gap_mean_20d:high|intraday_mean_20d:low / overnight_vol_20d:low|ret_1d:high|amount_z_20d:high / ret_1d:high|amount_z_20d:high|ret_3d:high / ret_1d:high|gap_mean_20d:high|amount_z_20d:high
30,2,6,0.06,0.25,0.007764774277869491,-0.04712463155964986,0.04459331875630493,4,"0.00285,0.00956,-0.04712,-0.02650,-0.00553,0.01809,0.01909,-0.00399,0.01745,0.03292,0.03176,0.04459",ret_1d:high|amount_z_20d:high / ret_1d:high|gap_mean_20d:high / ret_1d:high|amount_z_20d:high / ret_1d:high|gap_mean_20d:high / ret_1d:high|ret_3d:high / ret_1d:high|amount_z_20d:high / ret_1d:high|vol_ratio_5_20:low / ret_1d:high|vol_ratio_5_20:low / vol_ratio_5_20:low|gap_mean_20d:high / overnight_vol_20d:low|ret_1d:high / ret_1d:high|amount_z_20d:high / ret_1d:high|gap_mean_20d:high
12,1,4,0.1,0.25,0.007693181560413456,-0.05090558882040716,0.06652721416769068,4,"0.02830,0.00750,-0.05091,0.03104,-0.03098,0.03471,0.01463,-0.03723,0.01048,-0.04165,0.05990,0.06653",ret_1d:high / ret_1d:high / ret_1d:high / overnight_vol_20d:low / overnight_vol_20d:low / ret_1d:high / ret_1d:high / ret_1d:high / intraday_mean_20d:low / obv_20d:high / ret_1d:high / ret_1d:high
30,2,4,0.06,0.25,0.00759275893051364,-0.045284360710172354,0.04151261299408204,4,"0.00186,0.01048,-0.04528,-0.02471,-0.00727,0.01787,0.02101,-0.00692,0.01784,0.03250,0.03222,0.04151",ret_1d:high|amount_z_20d:high / ret_1d:high|gap_mean_20d:high / ret_1d:high|amount_z_20d:high / ret_1d:high|gap_mean_20d:high / ret_1d:high|ret_3d:high / ret_1d:high|amount_z_20d:high / ret_1d:high|vol_ratio_5_20:low / ret_1d:high|vol_ratio_5_20:low / vol_ratio_5_20:low|gap_mean_20d:high / overnight_vol_20d:low|ret_1d:high / ret_1d:high|amount_z_20d:high / ret_1d:high|gap_mean_20d:high
30,2,6,0.1,0.25,0.007552897492336228,-0.04190079834849472,0.04928605742481706,4,"-0.00217,0.01458,-0.04089,0.00444,-0.01269,0.00414,0.02103,-0.04190,0.02446,0.03704,0.04929,0.03332",ret_1d:high|amount_z_20d:high / ret_1d:high|gap_mean_20d:high / ret_1d:high|amount_z_20d:high / ret_1d:high|gap_mean_20d:high / ret_1d:high|ret_3d:high / ret_1d:high|amount_z_20d:high / ret_1d:high|vol_ratio_5_20:low / ret_1d:high|vol_ratio_5_20:low / vol_ratio_5_20:low|gap_mean_20d:high / overnight_vol_20d:low|ret_1d:high / ret_1d:high|amount_z_20d:high / ret_1d:high|gap_mean_20d:high
30,3,6,0.06,0.5,0.007519398425079774,-0.044321362903114114,0.03177117545635016,3,"0.01854,0.01055,-0.04432,0.01745,-0.03187,0.00696,0.02067,-0.00130,0.02214,0.00849,0.03177,0.03115",ret_1d:high|ret_15d:low|amount_z_20d:high / ret_1d:high|ret_15d:low|drawdown_20d:low / ret_1d:high|amount_z_20d:high|ret_15d:low / ret_1d:high|drawdown_20d:low|gap_mean_20d:high / gap_mean_20d:high|vol_ratio_5_20:low|ret_3d:high / ret_1d:high|amount_z_20d:high|ret_3d:high / vol_ratio_5_20:low|overnight_vol_20d:low|intraday_mean_20d:low / ret_1d:high|vol_ratio_5_20:low|amount_z_20d:high / gap_mean_20d:high|vol_ratio_5_20:low|intraday_mean_20d:low / overnight_vol_20d:low|amount_z_20d:high|ret_1d:high / ret_1d:high|amount_z_20d:high|ret_3d:high / ret_1d:high|drawdown_20d:low|amount_z_20d:high
30,2,4,0.1,0.25,0.007509997450420681,-0.0402409983241497,0.04683278031639879,4,"-0.00284,0.01153,-0.04024,0.00253,-0.01124,0.00812,0.02223,-0.03723,0.02284,0.03438,0.04683,0.03321",ret_1d:high|amount_z_20d:high / ret_1d:high|gap_mean_20d:high / ret_1d:high|amount_z_20d:high / ret_1d:high|gap_mean_20d:high / ret_1d:high|ret_3d:high / ret_1d:high|amount_z_20d:high / ret_1d:high|vol_ratio_5_20:low / ret_1d:high|vol_ratio_5_20:low / vol_ratio_5_20:low|gap_mean_20d:high / overnight_vol_20d:low|ret_1d:high / ret_1d:high|amount_z_20d:high / ret_1d:high|gap_mean_20d:high
30,3,4,0.06,0.5,0.007344093046848126,-0.04409666513368125,0.032249618986832554,3,"0.01491,0.01097,-0.04410,0.01717,-0.03104,0.00797,0.02056,-0.00384,0.02245,0.00940,0.03225,0.03143",ret_1d:high|ret_15d:low|amount_z_20d:high / ret_1d:high|ret_15d:low|drawdown_20d:low / ret_1d:high|amount_z_20d:high|ret_15d:low / ret_1d:high|drawdown_20d:low|gap_mean_20d:high / gap_mean_20d:high|vol_ratio_5_20:low|ret_3d:high / ret_1d:high|amount_z_20d:high|ret_3d:high / vol_ratio_5_20:low|overnight_vol_20d:low|intraday_mean_20d:low / ret_1d:high|vol_ratio_5_20:low|amount_z_20d:high / gap_mean_20d:high|vol_ratio_5_20:low|intraday_mean_20d:low / overnight_vol_20d:low|amount_z_20d:high|ret_1d:high / ret_1d:high|amount_z_20d:high|ret_3d:high / ret_1d:high|drawdown_20d:low|amount_z_20d:high
30,3,4,0.08,0.25,0.007131778249875368,-0.030594270941478943,0.058433397765975253,5,"-0.01898,0.01303,-0.03059,-0.00890,-0.01814,0.01483,0.01614,-0.02739,0.01936,0.03494,0.05843,0.03284",ret_1d:high|amount_z_20d:high|ret_15d:low / ret_1d:high|gap_mean_20d:high|ret_15d:low / ret_1d:high|amount_z_20d:high|gap_mean_20d:high / ret_1d:high|gap_mean_20d:high|drawdown_20d:low / ret_1d:high|ret_3d:high|gap_mean_20d:high / ret_1d:high|amount_z_20d:high|ret_3d:high / ret_1d:high|vol_ratio_5_20:low|ret_15d:low / ret_1d:high|vol_ratio_5_20:low|drawdown_20d:low / vol_ratio_5_20:low|gap_mean_20d:high|intraday_mean_20d:low / overnight_vol_20d:low|ret_1d:high|amount_z_20d:high / ret_1d:high|amount_z_20d:high|ret_3d:high / ret_1d:high|gap_mean_20d:high|amount_z_20d:high
20,1,6,0.1,0.5,0.007113263462099961,-0.054959746355198354,0.06743906474911203,4,"0.02975,0.00909,-0.05496,0.01449,-0.02566,0.03819,0.01451,-0.04190,0.00916,-0.03771,0.06296,0.06744",ret_1d:high / ret_1d:high / ret_1d:high / drawdown_20d:low / vol_ratio_5_20:low / ret_1d:high / ret_1d:high / ret_1d:high / intraday_mean_20d:low / obv_20d:high / ret_1d:high / ret_1d:high
20,1,4,0.1,0.5,0.007084970473980735,-0.05090558882040716,0.06652721416769068,4,"0.02830,0.00750,-0.05091,0.01525,-0.02248,0.03471,0.01463,-0.03723,0.01048,-0.04165,0.05990,0.06653",ret_1d:high / ret_1d:high / ret_1d:high / drawdown_20d:low / vol_ratio_5_20:low / ret_1d:high / ret_1d:high / ret_1d:high / intraday_mean_20d:low / obv_20d:high / ret_1d:high / ret_1d:high
12,1,4,0.08,0.25,0.007080617491960665,-0.04574129451800102,0.050399590679578866,4,"0.03414,0.00838,-0.04574,0.03209,-0.03162,0.02192,0.01142,-0.02739,0.00959,-0.02843,0.05019,0.05040",ret_1d:high / ret_1d:high / ret_1d:high / overnight_vol_20d:low / overnight_vol_20d:low / ret_1d:high / ret_1d:high / ret_1d:high / intraday_mean_20d:low / obv_20d:high / ret_1d:high / ret_1d:high
12,1,6,0.08,0.25,0.007073872678559641,-0.04518554985715529,0.04934445394228976,4,"0.03699,0.01007,-0.04519,0.03162,-0.03178,0.02004,0.01173,-0.02924,0.00946,-0.02686,0.04871,0.04934",ret_1d:high / ret_1d:high / ret_1d:high / overnight_vol_20d:low / overnight_vol_20d:low / ret_1d:high / ret_1d:high / ret_1d:high / intraday_mean_20d:low / obv_20d:high / ret_1d:high / ret_1d:high
20,3,4,0.06,0.5,0.0069879801416231025,-0.044321000055516355,0.038084086222439646,4,"0.02788,0.01097,-0.04432,0.01712,-0.03910,-0.00295,0.02611,0.03808,0.00297,-0.00457,0.03430,0.01737",ret_1d:high|amount_z_20d:high|ret_15d:low / ret_1d:high|ret_15d:low|drawdown_20d:low / ret_1d:high|ret_15d:low|amount_z_20d:high / drawdown_20d:low|gap_mean_20d:high|ret_1d:high / vol_ratio_5_20:low|overnight_vol_20d:low|amount_z_20d:high / ret_1d:high|ret_3d:high|ret_15d:low / ret_1d:high|vol_ratio_5_20:low|gap_mean_20d:high / ret_1d:high|vol_ratio_5_20:low|overnight_vol_20d:low / intraday_mean_20d:low|overnight_vol_20d:low|gap_mean_20d:high / obv_20d:high|overnight_vol_20d:low|ret_1d:high / ret_1d:high|amount_z_20d:high|ret_3d:high / ret_1d:high|amount_z_20d:high|ret_3d:high
20,3,6,0.06,0.5,0.006964872001033638,-0.0452017975725277,0.03797426748878283,4,"0.02748,0.01055,-0.04520,0.01736,-0.03931,-0.00410,0.02739,0.03797,0.00356,-0.00276,0.03347,0.01717",ret_1d:high|amount_z_20d:high|ret_15d:low / ret_1d:high|ret_15d:low|drawdown_20d:low / ret_1d:high|ret_15d:low|amount_z_20d:high / drawdown_20d:low|gap_mean_20d:high|ret_1d:high / vol_ratio_5_20:low|overnight_vol_20d:low|amount_z_20d:high / ret_1d:high|ret_3d:high|ret_15d:low / ret_1d:high|vol_ratio_5_20:low|gap_mean_20d:high / ret_1d:high|vol_ratio_5_20:low|overnight_vol_20d:low / intraday_mean_20d:low|overnight_vol_20d:low|gap_mean_20d:high / obv_20d:high|overnight_vol_20d:low|ret_1d:high / ret_1d:high|amount_z_20d:high|ret_3d:high / ret_1d:high|amount_z_20d:high|ret_3d:high
12,1,6,0.06,0.5,0.006829415630524786,-0.03868986319189406,0.03974937366114509,4,"0.02748,0.01055,-0.03869,0.03457,-0.00995,0.00345,0.00656,-0.00399,0.01187,-0.03079,0.03975,0.03115",ret_1d:high / ret_1d:high / ret_1d:high / overnight_vol_20d:low / vol_ratio_5_20:low / ret_1d:high / ret_1d:high / ret_1d:high / intraday_mean_20d:low / obv_20d:high / ret_1d:high / ret_1d:high
20,1,6,0.08,0.5,0.006825010191317906,-0.04518554985715529,0.04934445394228976,4,"0.03699,0.01007,-0.04519,0.01789,-0.02104,0.02004,0.01173,-0.02924,0.00946,-0.02686,0.04871,0.04934",ret_1d:high / ret_1d:high / ret_1d:high / drawdown_20d:low / vol_ratio_5_20:low / ret_1d:high / ret_1d:high / ret_1d:high / intraday_mean_20d:low / obv_20d:high / ret_1d:high / ret_1d:high
20,1,4,0.08,0.5,0.006688063074108568,-0.04574129451800102,0.050399590679578866,4,"0.03414,0.00838,-0.04574,0.01626,-0.02050,0.02192,0.01142,-0.02739,0.00959,-0.02843,0.05019,0.05040",ret_1d:high / ret_1d:high / ret_1d:high / drawdown_20d:low / vol_ratio_5_20:low / ret_1d:high / ret_1d:high / ret_1d:high / intraday_mean_20d:low / obv_20d:high / ret_1d:high / ret_1d:high
20,1,6,0.1,0.25,0.006670888163788874,-0.054959746355198354,0.06743906474911203,4,"0.02975,0.00909,-0.05496,0.01449,-0.03096,0.03819,0.01451,-0.04190,0.00916,-0.03771,0.06296,0.06744",ret_1d:high / ret_1d:high / ret_1d:high / drawdown_20d:low / overnight_vol_20d:low / ret_1d:high / ret_1d:high / ret_1d:high / intraday_mean_20d:low / obv_20d:high / ret_1d:high / ret_1d:high
12,1,4,0.06,0.5,0.0065695918563539605,-0.038013742708319524,0.03803593946290043,4,"0.02788,0.01097,-0.03801,0.03360,-0.01104,0.00529,0.00710,-0.00692,0.01081,-0.03030,0.03804,0.03143",ret_1d:high / ret_1d:high / ret_1d:high / overnight_vol_20d:low / vol_ratio_5_20:low / ret_1d:high / ret_1d:high / ret_1d:high / intraday_mean_20d:low / obv_20d:high / ret_1d:high / ret_1d:high
20,1,4,0.1,0.25,0.0063771260240620365,-0.05090558882040716,0.06652721416769068,4,"0.02830,0.00750,-0.05091,0.01525,-0.03098,0.03471,0.01463,-0.03723,0.01048,-0.04165,0.05990,0.06653",ret_1d:high / ret_1d:high / ret_1d:high / drawdown_20d:low / overnight_vol_20d:low / ret_1d:high / ret_1d:high / ret_1d:high / intraday_mean_20d:low / obv_20d:high / ret_1d:high / ret_1d:high
20,2,6,0.1,0.25,0.00634429599702008,-0.04931796141260189,0.07488076091865778,5,"-0.00217,0.01393,-0.04932,0.01699,-0.03147,0.02952,0.02103,-0.04190,0.01677,-0.01466,0.07488,0.04253",ret_1d:high|amount_z_20d:high / ret_1d:high|gap_mean_20d:high / ret_1d:high|ret_15d:low / drawdown_20d:low|ret_1d:high / overnight_vol_20d:low|vol_ratio_5_20:low / ret_1d:high|ret_3d:high / ret_1d:high|vol_ratio_5_20:low / ret_1d:high|vol_ratio_5_20:low / intraday_mean_20d:low|vol_ratio_5_20:low / obv_20d:high|overnight_vol_20d:low / ret_1d:high|ret_3d:high / ret_1d:high|ret_3d:high
20,2,4,0.08,0.25,0.006276436820526456,-0.04984103439876924,0.06340478195937925,4,"0.00175,0.01195,-0.04984,0.02029,-0.03177,0.01596,0.02397,-0.02739,0.01887,-0.01203,0.06340,0.04014",ret_1d:high|amount_z_20d:high / ret_1d:high|gap_mean_20d:high / ret_1d:high|ret_15d:low / drawdown_20d:low|ret_1d:high / overnight_vol_20d:low|vol_ratio_5_20:low / ret_1d:high|ret_3d:high / ret_1d:high|vol_ratio_5_20:low / ret_1d:high|vol_ratio_5_20:low / intraday_mean_20d:low|vol_ratio_5_20:low / obv_20d:high|overnight_vol_20d:low / ret_1d:high|ret_3d:high / ret_1d:high|ret_3d:high
30,3,6,0.1,0.25,0.005979380386165106,-0.043224301339181245,0.0744881260777809,4,"-0.02782,0.01458,-0.04322,0.00444,-0.02013,0.01751,0.01513,-0.04190,0.01769,0.03704,0.07449,0.02395",ret_1d:high|amount_z_20d:high|ret_15d:low / ret_1d:high|gap_mean_20d:high|ret_15d:low / ret_1d:high|amount_z_20d:high|gap_mean_20d:high / ret_1d:high|gap_mean_20d:high|drawdown_20d:low / ret_1d:high|ret_3d:high|gap_mean_20d:high / ret_1d:high|amount_z_20d:high|ret_3d:high / ret_1d:high|vol_ratio_5_20:low|ret_15d:low / ret_1d:high|vol_ratio_5_20:low|drawdown_20d:low / vol_ratio_5_20:low|gap_mean_20d:high|intraday_mean_20d:low / overnight_vol_20d:low|ret_1d:high|amount_z_20d:high / ret_1d:high|amount_z_20d:high|ret_3d:high / ret_1d:high|gap_mean_20d:high|amount_z_20d:high
20,1,6,0.08,0.25,0.005929999954718612,-0.04518554985715529,0.04934445394228976,4,"0.03699,0.01007,-0.04519,0.01789,-0.03178,0.02004,0.01173,-0.02924,0.00946,-0.02686,0.04871,0.04934",ret_1d:high / ret_1d:high / ret_1d:high / drawdown_20d:low / overnight_vol_20d:low / ret_1d:high / ret_1d:high / ret_1d:high / intraday_mean_20d:low / obv_20d:high / ret_1d:high / ret_1d:high
999,2,4,0.06,0.25,0.005901665530762446,-0.038013742708319524,0.03796663074055953,5,"0.03232,-0.00696,-0.03801,-0.02471,-0.02810,0.01672,0.02879,-0.00376,0.01422,0.02519,0.01717,0.03797",ret_1d:high|gap_mean_20d:high / ret_1d:high|gap_mean_20d:high / ret_1d:high|gap_mean_20d:high / ret_1d:high|gap_mean_20d:high / ret_1d:high|gap_mean_20d:high / ret_1d:high|gap_mean_20d:high / ret_1d:high|gap_mean_20d:high / ret_1d:high|gap_mean_20d:high / ret_1d:high|gap_mean_20d:high / ret_1d:high|gap_mean_20d:high / ret_1d:high|gap_mean_20d:high / ret_1d:high|gap_mean_20d:high
20,2,6,0.08,0.25,0.005847860448983406,-0.05090069435562527,0.06232817339094667,5,"-0.00016,0.01219,-0.05090,0.02214,-0.03250,0.01567,0.02549,-0.02924,0.01782,-0.01322,0.06233,0.04055",ret_1d:high|amount_z_20d:high / ret_1d:high|gap_mean_20d:high / ret_1d:high|ret_15d:low / drawdown_20d:low|ret_1d:high / overnight_vol_20d:low|vol_ratio_5_20:low / ret_1d:high|ret_3d:high / ret_1d:high|vol_ratio_5_20:low / ret_1d:high|vol_ratio_5_20:low / intraday_mean_20d:low|vol_ratio_5_20:low / obv_20d:high|overnight_vol_20d:low / ret_1d:high|ret_3d:high / ret_1d:high|ret_3d:high
12,2,6,0.08,0.5,0.0058111855998976975,-0.04518554985715529,0.06477996152272728,3,"0.01191,0.01007,-0.04519,0.01785,-0.02104,0.01621,0.00954,0.00256,0.01782,-0.02686,0.06478,0.01208",ret_1d:high|amount_z_20d:high / ret_1d:high|gap_mean_20d:high / ret_1d:high|ret_15d:low / overnight_vol_20d:low|vol_ratio_5_20:low / vol_ratio_5_20:low|overnight_vol_20d:low / ret_1d:high|ret_3d:high / ret_1d:high|intraday_mean_20d:low / ret_1d:high|gap_mean_20d:high / intraday_mean_20d:low|vol_ratio_5_20:low / obv_20d:high|vol_ratio_5_20:low / ret_1d:high|ret_3d:high / ret_1d:high|amount_z_20d:high
20,1,4,0.08,0.25,0.005761912011916129,-0.04574129451800102,0.050399590679578866,4,"0.03414,0.00838,-0.04574,0.01626,-0.03162,0.02192,0.01142,-0.02739,0.00959,-0.02843,0.05019,0.05040",ret_1d:high / ret_1d:high / ret_1d:high / drawdown_20d:low / overnight_vol_20d:low / ret_1d:high / ret_1d:high / ret_1d:high / intraday_mean_20d:low / obv_20d:high / ret_1d:high / ret_1d:high
20,2,6,0.1,0.5,0.005726141617749379,-0.03991407436285393,0.06212418730741343,5,"0.02975,0.00909,-0.03991,0.00652,-0.03333,0.03368,0.02103,-0.00036,-0.01035,-0.02672,0.06212,0.01720",ret_1d:high|amount_z_20d:high / ret_1d:high|ret_15d:low / ret_1d:high|ret_15d:low / drawdown_20d:low|gap_mean_20d:high / vol_ratio_5_20:low|overnight_vol_20d:low / ret_1d:high|ret_3d:high / ret_1d:high|vol_ratio_5_20:low / ret_1d:high|vol_ratio_5_20:low / intraday_mean_20d:low|overnight_vol_20d:low / obv_20d:high|overnight_vol_20d:low / ret_1d:high|amount_z_20d:high / ret_1d:high|amount_z_20d:high
12,2,4,0.1,0.5,0.00572433209971298,-0.05090558882040716,0.0638786138728269,3,"0.00994,0.00750,-0.05091,0.01716,-0.02248,0.02781,0.01532,0.01107,0.01846,-0.04165,0.06388,0.01260",ret_1d:high|amount_z_20d:high / ret_1d:high|gap_mean_20d:high / ret_1d:high|ret_15d:low / overnight_vol_20d:low|vol_ratio_5_20:low / vol_ratio_5_20:low|overnight_vol_20d:low / ret_1d:high|ret_3d:high / ret_1d:high|intraday_mean_20d:low / ret_1d:high|gap_mean_20d:high / intraday_mean_20d:low|vol_ratio_5_20:low / obv_20d:high|vol_ratio_5_20:low / ret_1d:high|ret_3d:high / ret_1d:high|amount_z_20d:high
20,2,4,0.1,0.25,0.005643599466050842,-0.05080480046491617,0.06680694808355786,5,"-0.00284,0.01072,-0.05080,0.01548,-0.03189,0.02553,0.02223,-0.03723,0.01846,-0.01421,0.06681,0.04548",ret_1d:high|amount_z_20d:high / ret_1d:high|gap_mean_20d:high / ret_1d:high|ret_15d:low / drawdown_20d:low|ret_1d:high / overnight_vol_20d:low|vol_ratio_5_20:low / ret_1d:high|ret_3d:high / ret_1d:high|vol_ratio_5_20:low / ret_1d:high|vol_ratio_5_20:low / intraday_mean_20d:low|vol_ratio_5_20:low / obv_20d:high|overnight_vol_20d:low / ret_1d:high|ret_3d:high / ret_1d:high|ret_3d:high
12,3,6,0.1,0.5,0.005603974823894818,-0.054959746355198354,0.06735451128988085,4,"0.00458,0.00909,-0.05496,0.01581,-0.02566,0.03027,0.03587,-0.00918,0.01325,-0.03771,0.06735,0.01852",ret_1d:high|amount_z_20d:high|ret_15d:low / ret_1d:high|gap_mean_20d:high|drawdown_20d:low / ret_1d:high|ret_15d:low|amount_z_20d:high / overnight_vol_20d:low|vol_ratio_5_20:low|ret_1d:high / vol_ratio_5_20:low|overnight_vol_20d:low|gap_mean_20d:high / ret_1d:high|ret_3d:high|ret_15d:low / ret_1d:high|intraday_mean_20d:low|vol_ratio_5_20:low / ret_1d:high|gap_mean_20d:high|ret_3d:high / intraday_mean_20d:low|vol_ratio_5_20:low|overnight_vol_20d:low / obv_20d:high|vol_ratio_5_20:low|ret_1d:high / ret_1d:high|ret_3d:high|obv_20d:high / ret_1d:high|amount_z_20d:high|ret_3d:high
30,3,4,0.1,0.25,0.005569748120874556,-0.041825311647212246,0.06641440171357493,4,"-0.02448,0.01153,-0.04183,0.00253,-0.01848,0.01586,0.01634,-0.03723,0.01883,0.03438,0.06641,0.02298",ret_1d:high|amount_z_20d:high|ret_15d:low / ret_1d:high|gap_mean_20d:high|ret_15d:low / ret_1d:high|amount_z_20d:high|gap_mean_20d:high / ret_1d:high|gap_mean_20d:high|drawdown_20d:low / ret_1d:high|ret_3d:high|gap_mean_20d:high / ret_1d:high|amount_z_20d:high|ret_3d:high / ret_1d:high|vol_ratio_5_20:low|ret_15d:low / ret_1d:high|vol_ratio_5_20:low|drawdown_20d:low / vol_ratio_5_20:low|gap_mean_20d:high|intraday_mean_20d:low / overnight_vol_20d:low|ret_1d:high|amount_z_20d:high / ret_1d:high|amount_z_20d:high|ret_3d:high / ret_1d:high|gap_mean_20d:high|amount_z_20d:high
20,2,4,0.06,0.25,0.005438547262410681,-0.045393966400310244,0.045964376178330296,5,"0.00186,0.00899,-0.04539,0.01911,-0.03173,-0.00382,0.02101,-0.00692,0.02459,-0.00439,0.04596,0.03598",ret_1d:high|amount_z_20d:high / ret_1d:high|gap_mean_20d:high / ret_1d:high|ret_15d:low / drawdown_20d:low|ret_1d:high / overnight_vol_20d:low|vol_ratio_5_20:low / ret_1d:high|ret_3d:high / ret_1d:high|vol_ratio_5_20:low / ret_1d:high|vol_ratio_5_20:low / intraday_mean_20d:low|vol_ratio_5_20:low / obv_20d:high|overnight_vol_20d:low / ret_1d:high|ret_3d:high / ret_1d:high|ret_3d:high
12,3,4,0.1,0.5,0.005433542160269287,-0.05090558882040716,0.06555219426479589,4,"0.00994,0.00750,-0.05091,0.01569,-0.02248,0.02463,0.03314,-0.00838,0.01289,-0.04165,0.06555,0.01929",ret_1d:high|amount_z_20d:high|ret_15d:low / ret_1d:high|gap_mean_20d:high|drawdown_20d:low / ret_1d:high|ret_15d:low|amount_z_20d:high / overnight_vol_20d:low|vol_ratio_5_20:low|ret_1d:high / vol_ratio_5_20:low|overnight_vol_20d:low|gap_mean_20d:high / ret_1d:high|ret_3d:high|ret_15d:low / ret_1d:high|intraday_mean_20d:low|vol_ratio_5_20:low / ret_1d:high|gap_mean_20d:high|ret_3d:high / intraday_mean_20d:low|vol_ratio_5_20:low|overnight_vol_20d:low / obv_20d:high|vol_ratio_5_20:low|ret_1d:high / ret_1d:high|ret_3d:high|obv_20d:high / ret_1d:high|amount_z_20d:high|ret_3d:high
12,2,6,0.1,0.5,0.005377609910625045,-0.054959746355198354,0.06852750984636963,3,"0.00458,0.00909,-0.05496,0.01560,-0.02566,0.03138,0.01577,0.00919,0.01677,-0.03771,0.06853,0.01194",ret_1d:high|amount_z_20d:high / ret_1d:high|gap_mean_20d:high / ret_1d:high|ret_15d:low / overnight_vol_20d:low|vol_ratio_5_20:low / vol_ratio_5_20:low|overnight_vol_20d:low / ret_1d:high|ret_3d:high / ret_1d:high|intraday_mean_20d:low / ret_1d:high|gap_mean_20d:high / intraday_mean_20d:low|vol_ratio_5_20:low / obv_20d:high|vol_ratio_5_20:low / ret_1d:high|ret_3d:high / ret_1d:high|amount_z_20d:high
20,2,6,0.06,0.25,0.00537004177257453,-0.04516443913195556,0.0453296758042958,5,"0.00285,0.00814,-0.04516,0.01841,-0.03082,-0.00650,0.01909,-0.00399,0.02488,-0.00442,0.04533,0.03663",ret_1d:high|amount_z_20d:high / ret_1d:high|gap_mean_20d:high / ret_1d:high|ret_15d:low / drawdown_20d:low|ret_1d:high / overnight_vol_20d:low|vol_ratio_5_20:low / ret_1d:high|ret_3d:high / ret_1d:high|vol_ratio_5_20:low / ret_1d:high|vol_ratio_5_20:low / intraday_mean_20d:low|vol_ratio_5_20:low / obv_20d:high|overnight_vol_20d:low / ret_1d:high|ret_3d:high / ret_1d:high|ret_3d:high
999,2,6,0.06,0.25,0.005351628840520063,-0.03868986319189406,0.03922464563220848,5,"0.03252,-0.00626,-0.03869,-0.02650,-0.02722,0.01653,0.02640,-0.00550,0.01325,0.02552,0.01495,0.03922",ret_1d:high|gap_mean_20d:high / ret_1d:high|gap_mean_20d:high / ret_1d:high|gap_mean_20d:high / ret_1d:high|gap_mean_20d:high / ret_1d:high|gap_mean_20d:high / ret_1d:high|gap_mean_20d:high / ret_1d:high|gap_mean_20d:high / ret_1d:high|gap_mean_20d:high / ret_1d:high|gap_mean_20d:high / ret_1d:high|gap_mean_20d:high / ret_1d:high|gap_mean_20d:high / ret_1d:high|gap_mean_20d:high
12,2,4,0.08,0.5,0.005344453241676868,-0.04574129451800102,0.06233097099207267,3,"0.01069,0.00838,-0.04574,0.01783,-0.02050,0.01650,0.01076,0.00288,0.01887,-0.02843,0.06233,0.01056",ret_1d:high|amount_z_20d:high / ret_1d:high|gap_mean_20d:high / ret_1d:high|ret_15d:low / overnight_vol_20d:low|vol_ratio_5_20:low / vol_ratio_5_20:low|overnight_vol_20d:low / ret_1d:high|ret_3d:high / ret_1d:high|intraday_mean_20d:low / ret_1d:high|gap_mean_20d:high / intraday_mean_20d:low|vol_ratio_5_20:low / obv_20d:high|vol_ratio_5_20:low / ret_1d:high|ret_3d:high / ret_1d:high|amount_z_20d:high
20,1,6,0.06,0.5,0.005244102881939762,-0.03868986319189406,0.03974937366114509,4,"0.02748,0.01055,-0.03869,0.01554,-0.00995,0.00345,0.00656,-0.00399,0.01187,-0.03079,0.03975,0.03115",ret_1d:high / ret_1d:high / ret_1d:high / drawdown_20d:low / vol_ratio_5_20:low / ret_1d:high / ret_1d:high / ret_1d:high / intraday_mean_20d:low / obv_20d:high / ret_1d:high / ret_1d:high
20,2,4,0.1,0.5,0.005164928323342258,-0.04075506268211681,0.0616965666566457,5,"0.02830,0.00750,-0.04076,0.00755,-0.03272,0.02907,0.02223,-0.00246,-0.01190,-0.02419,0.06170,0.01765",ret_1d:high|amount_z_20d:high / ret_1d:high|ret_15d:low / ret_1d:high|ret_15d:low / drawdown_20d:low|gap_mean_20d:high / vol_ratio_5_20:low|overnight_vol_20d:low / ret_1d:high|ret_3d:high / ret_1d:high|vol_ratio_5_20:low / ret_1d:high|vol_ratio_5_20:low / intraday_mean_20d:low|overnight_vol_20d:low / obv_20d:high|overnight_vol_20d:low / ret_1d:high|amount_z_20d:high / ret_1d:high|amount_z_20d:high
20,3,6,0.1,0.25,0.005121840907971025,-0.04190079834849472,0.0749978079816442,5,"-0.01177,0.01393,-0.02056,0.02025,-0.03147,0.02672,0.01340,-0.04190,0.01325,-0.01881,0.07500,0.02342",ret_1d:high|amount_z_20d:high|ret_15d:low / ret_1d:high|gap_mean_20d:high|drawdown_20d:low / ret_1d:high|ret_15d:low|amount_z_20d:high / drawdown_20d:low|ret_1d:high|gap_mean_20d:high / overnight_vol_20d:low|vol_ratio_5_20:low|ret_3d:high / ret_1d:high|ret_3d:high|amount_z_20d:high / ret_1d:high|vol_ratio_5_20:low|gap_mean_20d:high / ret_1d:high|vol_ratio_5_20:low|overnight_vol_20d:low / intraday_mean_20d:low|vol_ratio_5_20:low|overnight_vol_20d:low / obv_20d:high|overnight_vol_20d:low|ret_1d:high / ret_1d:high|ret_3d:high|amount_z_20d:high / ret_1d:high|ret_3d:high|amount_z_20d:high
20,1,4,0.06,0.5,0.005096474899976218,-0.038013742708319524,0.03803593946290043,4,"0.02788,0.01097,-0.03801,0.01593,-0.01104,0.00529,0.00710,-0.00692,0.01081,-0.03030,0.03804,0.03143",ret_1d:high / ret_1d:high / ret_1d:high / drawdown_20d:low / vol_ratio_5_20:low / ret_1d:high / ret_1d:high / ret_1d:high / intraday_mean_20d:low / obv_20d:high / ret_1d:high / ret_1d:high
12,1,6,0.06,0.25,0.004972449224657927,-0.03868986319189406,0.03974937366114509,4,"0.02748,0.01055,-0.03869,0.03457,-0.03224,0.00345,0.00656,-0.00399,0.01187,-0.03079,0.03975,0.03115",ret_1d:high / ret_1d:high / ret_1d:high / overnight_vol_20d:low / overnight_vol_20d:low / ret_1d:high / ret_1d:high / ret_1d:high / intraday_mean_20d:low / obv_20d:high / ret_1d:high / ret_1d:high
20,3,6,0.06,0.25,0.0049476210307207134,-0.03205487523907726,0.03771453695555825,4,"0.00046,0.00814,-0.03205,0.01872,-0.03082,0.00981,0.02739,-0.00399,0.00838,-0.00475,0.03771,0.02036",ret_1d:high|amount_z_20d:high|ret_15d:low / ret_1d:high|gap_mean_20d:high|drawdown_20d:low / ret_1d:high|ret_15d:low|amount_z_20d:high / drawdown_20d:low|ret_1d:high|gap_mean_20d:high / overnight_vol_20d:low|vol_ratio_5_20:low|ret_3d:high / ret_1d:high|ret_3d:high|amount_z_20d:high / ret_1d:high|vol_ratio_5_20:low|gap_mean_20d:high / ret_1d:high|vol_ratio_5_20:low|overnight_vol_20d:low / intraday_mean_20d:low|vol_ratio_5_20:low|overnight_vol_20d:low / obv_20d:high|overnight_vol_20d:low|ret_1d:high / ret_1d:high|ret_3d:high|amount_z_20d:high / ret_1d:high|ret_3d:high|amount_z_20d:high
12,1,4,0.06,0.25,0.004803276032565043,-0.038013742708319524,0.03803593946290043,4,"0.02788,0.01097,-0.03801,0.03360,-0.03224,0.00529,0.00710,-0.00692,0.01081,-0.03030,0.03804,0.03143",ret_1d:high / ret_1d:high / ret_1d:high / overnight_vol_20d:low / overnight_vol_20d:low / ret_1d:high / ret_1d:high / ret_1d:high / intraday_mean_20d:low / obv_20d:high / ret_1d:high / ret_1d:high
20,3,4,0.06,0.25,0.0047122902018479395,-0.03226275916527489,0.03869116078164727,4,"0.00030,0.00899,-0.03226,0.01893,-0.03173,0.00933,0.02611,-0.00692,0.00891,-0.00484,0.03869,0.02102",ret_1d:high|amount_z_20d:high|ret_15d:low / ret_1d:high|gap_mean_20d:high|drawdown_20d:low / ret_1d:high|ret_15d:low|amount_z_20d:high / drawdown_20d:low|ret_1d:high|gap_mean_20d:high / overnight_vol_20d:low|vol_ratio_5_20:low|ret_3d:high / ret_1d:high|ret_3d:high|amount_z_20d:high / ret_1d:high|vol_ratio_5_20:low|gap_mean_20d:high / ret_1d:high|vol_ratio_5_20:low|overnight_vol_20d:low / intraday_mean_20d:low|vol_ratio_5_20:low|overnight_vol_20d:low / obv_20d:high|overnight_vol_20d:low|ret_1d:high / ret_1d:high|ret_3d:high|amount_z_20d:high / ret_1d:high|ret_3d:high|amount_z_20d:high
20,2,6,0.08,0.5,0.004613839804688112,-0.034704573299833244,0.046494686356521105,5,"0.03699,0.01007,-0.03470,0.00613,-0.03271,0.01506,0.02549,-0.00422,-0.00947,-0.01811,0.04649,0.01436",ret_1d:high|amount_z_20d:high / ret_1d:high|ret_15d:low / ret_1d:high|ret_15d:low / drawdown_20d:low|gap_mean_20d:high / vol_ratio_5_20:low|overnight_vol_20d:low / ret_1d:high|ret_3d:high / ret_1d:high|vol_ratio_5_20:low / ret_1d:high|vol_ratio_5_20:low / intraday_mean_20d:low|overnight_vol_20d:low / obv_20d:high|overnight_vol_20d:low / ret_1d:high|amount_z_20d:high / ret_1d:high|amount_z_20d:high
12,3,4,0.08,0.5,0.004572630006196941,-0.04574129451800102,0.048212073436911085,4,"0.01069,0.00838,-0.04574,0.01811,-0.02050,0.01650,0.03210,-0.01378,0.01188,-0.02843,0.04821,0.01745",ret_1d:high|amount_z_20d:high|ret_15d:low / ret_1d:high|gap_mean_20d:high|drawdown_20d:low / ret_1d:high|ret_15d:low|amount_z_20d:high / overnight_vol_20d:low|vol_ratio_5_20:low|ret_1d:high / vol_ratio_5_20:low|overnight_vol_20d:low|gap_mean_20d:high / ret_1d:high|ret_3d:high|ret_15d:low / ret_1d:high|intraday_mean_20d:low|vol_ratio_5_20:low / ret_1d:high|gap_mean_20d:high|ret_3d:high / intraday_mean_20d:low|vol_ratio_5_20:low|overnight_vol_20d:low / obv_20d:high|vol_ratio_5_20:low|ret_1d:high / ret_1d:high|ret_3d:high|obv_20d:high / ret_1d:high|amount_z_20d:high|ret_3d:high
12,3,6,0.08,0.5,0.004548034719305017,-0.04518554985715529,0.04299367695104579,4,"0.01191,0.01007,-0.04519,0.01960,-0.02104,0.01736,0.03203,-0.01629,0.01142,-0.02686,0.04299,0.01858",ret_1d:high|amount_z_20d:high|ret_15d:low / ret_1d:high|gap_mean_20d:high|drawdown_20d:low / ret_1d:high|ret_15d:low|amount_z_20d:high / overnight_vol_20d:low|vol_ratio_5_20:low|ret_1d:high / vol_ratio_5_20:low|overnight_vol_20d:low|gap_mean_20d:high / ret_1d:high|ret_3d:high|ret_15d:low / ret_1d:high|intraday_mean_20d:low|vol_ratio_5_20:low / ret_1d:high|gap_mean_20d:high|ret_3d:high / intraday_mean_20d:low|vol_ratio_5_20:low|overnight_vol_20d:low / obv_20d:high|vol_ratio_5_20:low|ret_1d:high / ret_1d:high|ret_3d:high|obv_20d:high / ret_1d:high|amount_z_20d:high|ret_3d:high
12,2,6,0.06,0.5,0.0044797390641803155,-0.03868986319189406,0.05096260721751937,5,"0.02400,0.01055,-0.03869,0.01925,-0.00995,-0.00350,0.00632,-0.00550,0.02488,-0.03079,0.05096,0.00624",ret_1d:high|amount_z_20d:high / ret_1d:high|gap_mean_20d:high / ret_1d:high|ret_15d:low / overnight_vol_20d:low|vol_ratio_5_20:low / vol_ratio_5_20:low|overnight_vol_20d:low / ret_1d:high|ret_3d:high / ret_1d:high|intraday_mean_20d:low / ret_1d:high|gap_mean_20d:high / intraday_mean_20d:low|vol_ratio_5_20:low / obv_20d:high|vol_ratio_5_20:low / ret_1d:high|ret_3d:high / ret_1d:high|amount_z_20d:high
20,3,4,0.1,0.25,0.004270461963468887,-0.03723439431057446,0.06653611448537773,5,"-0.01188,0.01072,-0.02376,0.01987,-0.03189,0.02557,0.01272,-0.03723,0.01289,-0.01655,0.06654,0.02426",ret_1d:high|amount_z_20d:high|ret_15d:low / ret_1d:high|gap_mean_20d:high|drawdown_20d:low / ret_1d:high|ret_15d:low|amount_z_20d:high / drawdown_20d:low|ret_1d:high|gap_mean_20d:high / overnight_vol_20d:low|vol_ratio_5_20:low|ret_3d:high / ret_1d:high|ret_3d:high|amount_z_20d:high / ret_1d:high|vol_ratio_5_20:low|gap_mean_20d:high / ret_1d:high|vol_ratio_5_20:low|overnight_vol_20d:low / intraday_mean_20d:low|vol_ratio_5_20:low|overnight_vol_20d:low / obv_20d:high|overnight_vol_20d:low|ret_1d:high / ret_1d:high|ret_3d:high|amount_z_20d:high / ret_1d:high|ret_3d:high|amount_z_20d:high
20,3,4,0.08,0.25,0.004242014971150142,-0.031765270269241266,0.05859731152488419,5,"-0.00991,0.01195,-0.02615,0.01901,-0.03177,0.01489,0.02227,-0.02739,0.01188,-0.01371,0.05860,0.02123",ret_1d:high|amount_z_20d:high|ret_15d:low / ret_1d:high|gap_mean_20d:high|drawdown_20d:low / ret_1d:high|ret_15d:low|amount_z_20d:high / drawdown_20d:low|ret_1d:high|gap_mean_20d:high / overnight_vol_20d:low|vol_ratio_5_20:low|ret_3d:high / ret_1d:high|ret_3d:high|amount_z_20d:high / ret_1d:high|vol_ratio_5_20:low|gap_mean_20d:high / ret_1d:high|vol_ratio_5_20:low|overnight_vol_20d:low / intraday_mean_20d:low|vol_ratio_5_20:low|overnight_vol_20d:low / obv_20d:high|overnight_vol_20d:low|ret_1d:high / ret_1d:high|ret_3d:high|amount_z_20d:high / ret_1d:high|ret_3d:high|amount_z_20d:high
20,2,4,0.08,0.5,0.004214508762106856,-0.03877000635752089,0.048572106919260435,5,"0.03414,0.00838,-0.03877,0.00645,-0.03239,0.01693,0.02397,-0.00507,-0.00947,-0.01724,0.04857,0.01507",ret_1d:high|amount_z_20d:high / ret_1d:high|ret_15d:low / ret_1d:high|ret_15d:low / drawdown_20d:low|gap_mean_20d:high / vol_ratio_5_20:low|overnight_vol_20d:low / ret_1d:high|ret_3d:high / ret_1d:high|vol_ratio_5_20:low / ret_1d:high|vol_ratio_5_20:low / intraday_mean_20d:low|overnight_vol_20d:low / obv_20d:high|overnight_vol_20d:low / ret_1d:high|amount_z_20d:high / ret_1d:high|amount_z_20d:high
12,2,4,0.06,0.5,0.004192752987718008,-0.038013742708319524,0.04919535548602751,5,"0.01931,0.01097,-0.03801,0.01962,-0.01104,-0.00280,0.00592,-0.00376,0.02459,-0.03030,0.04920,0.00663",ret_1d:high|amount_z_20d:high / ret_1d:high|gap_mean_20d:high / ret_1d:high|ret_15d:low / overnight_vol_20d:low|vol_ratio_5_20:low / vol_ratio_5_20:low|overnight_vol_20d:low / ret_1d:high|ret_3d:high / ret_1d:high|intraday_mean_20d:low / ret_1d:high|gap_mean_20d:high / intraday_mean_20d:low|vol_ratio_5_20:low / obv_20d:high|vol_ratio_5_20:low / ret_1d:high|ret_3d:high / ret_1d:high|amount_z_20d:high
12,2,6,0.06,0.25,0.003885393138663207,-0.03868986319189406,0.049236276086821316,6,"-0.00118,0.01301,-0.03869,0.02777,-0.03056,-0.00571,0.01719,-0.00399,0.01187,-0.02710,0.04924,0.03477",ret_1d:high|amount_z_20d:high / ret_1d:high|gap_mean_20d:high / ret_1d:high|amount_z_20d:high / overnight_vol_20d:low|ret_1d:high / overnight_vol_20d:low|vol_ratio_5_20:low / ret_1d:high|ret_3d:high / ret_1d:high|overnight_vol_20d:low / ret_1d:high|ret_15d:low / intraday_mean_20d:low|vol_ratio_5_20:low / obv_20d:high|vol_ratio_5_20:low / ret_1d:high|ret_3d:high / ret_1d:high|ret_3d:high
12,3,6,0.06,0.25,0.003653679859837968,-0.03868986319189406,0.03457150119600039,5,"-0.00406,0.01301,-0.03869,0.02657,-0.03056,0.00388,0.03457,-0.00399,0.01187,-0.02016,0.03423,0.01717",ret_1d:high|amount_z_20d:high|ret_15d:low / ret_1d:high|gap_mean_20d:high|amount_z_20d:high / ret_1d:high|amount_z_20d:high|ret_15d:low / overnight_vol_20d:low|ret_1d:high|vol_ratio_5_20:low / overnight_vol_20d:low|vol_ratio_5_20:low|gap_mean_20d:high / ret_1d:high|ret_3d:high|ret_15d:low / ret_1d:high|overnight_vol_20d:low|vol_ratio_5_20:low / ret_1d:high|ret_15d:low|drawdown_20d:low / intraday_mean_20d:low|vol_ratio_5_20:low|drawdown_20d:low / obv_20d:high|vol_ratio_5_20:low|ret_1d:high / ret_1d:high|ret_3d:high|obv_20d:high / ret_1d:high|ret_3d:high|amount_z_20d:high
12,2,4,0.06,0.25,0.0036126925840369536,-0.038013742708319524,0.048736277793816826,6,"-0.00071,0.01193,-0.03801,0.02757,-0.03124,-0.00310,0.01651,-0.00692,0.01081,-0.02780,0.04874,0.03557",ret_1d:high|amount_z_20d:high / ret_1d:high|gap_mean_20d:high / ret_1d:high|amount_z_20d:high / overnight_vol_20d:low|ret_1d:high / overnight_vol_20d:low|vol_ratio_5_20:low / ret_1d:high|ret_3d:high / ret_1d:high|overnight_vol_20d:low / ret_1d:high|ret_15d:low / intraday_mean_20d:low|vol_ratio_5_20:low / obv_20d:high|vol_ratio_5_20:low / ret_1d:high|ret_3d:high / ret_1d:high|ret_3d:high
999,1,4,0.06,0.5,0.003414141994237034,-0.03949067154177974,0.029389461482378056,5,"0.02758,-0.00315,0.02939,-0.03949,-0.01017,-0.01948,0.00054,0.00601,0.02077,0.01339,0.02187,-0.00629",gap_mean_20d:high / gap_mean_20d:high / gap_mean_20d:high / gap_mean_20d:high / gap_mean_20d:high / gap_mean_20d:high / gap_mean_20d:high / gap_mean_20d:high / gap_mean_20d:high / gap_mean_20d:high / gap_mean_20d:high / gap_mean_20d:high
20,3,6,0.08,0.25,0.0033929792433486233,-0.03249701241028086,0.058597296712834396,5,"-0.01448,0.01219,-0.02617,0.01947,-0.03250,0.01333,0.02147,-0.02924,0.01142,-0.01347,0.05860,0.02009",ret_1d:high|amount_z_20d:high|ret_15d:low / ret_1d:high|gap_mean_20d:high|drawdown_20d:low / ret_1d:high|ret_15d:low|amount_z_20d:high / drawdown_20d:low|ret_1d:high|gap_mean_20d:high / overnight_vol_20d:low|vol_ratio_5_20:low|ret_3d:high / ret_1d:high|ret_3d:high|amount_z_20d:high / ret_1d:high|vol_ratio_5_20:low|gap_mean_20d:high / ret_1d:high|vol_ratio_5_20:low|overnight_vol_20d:low / intraday_mean_20d:low|vol_ratio_5_20:low|overnight_vol_20d:low / obv_20d:high|overnight_vol_20d:low|ret_1d:high / ret_1d:high|ret_3d:high|amount_z_20d:high / ret_1d:high|ret_3d:high|amount_z_20d:high
20,1,6,0.06,0.25,0.0033871364760729022,-0.03868986319189406,0.03974937366114509,4,"0.02748,0.01055,-0.03869,0.01554,-0.03224,0.00345,0.00656,-0.00399,0.01187,-0.03079,0.03975,0.03115",ret_1d:high / ret_1d:high / ret_1d:high / drawdown_20d:low / overnight_vol_20d:low / ret_1d:high / ret_1d:high / ret_1d:high / intraday_mean_20d:low / obv_20d:high / ret_1d:high / ret_1d:high
20,1,4,0.06,0.25,0.0033301590761873,-0.038013742708319524,0.03803593946290043,4,"0.02788,0.01097,-0.03801,0.01593,-0.03224,0.00529,0.00710,-0.00692,0.01081,-0.03030,0.03804,0.03143",ret_1d:high / ret_1d:high / ret_1d:high / drawdown_20d:low / overnight_vol_20d:low / ret_1d:high / ret_1d:high / ret_1d:high / intraday_mean_20d:low / obv_20d:high / ret_1d:high / ret_1d:high
999,1,6,0.06,0.5,0.0032300807942264483,-0.03740694196188717,0.030308361804788308,6,"0.02677,-0.00637,0.03031,-0.03741,-0.01013,-0.01878,-0.00138,0.00511,0.02092,0.01329,0.02174,-0.00529",gap_mean_20d:high / gap_mean_20d:high / gap_mean_20d:high / gap_mean_20d:high / gap_mean_20d:high / gap_mean_20d:high / gap_mean_20d:high / gap_mean_20d:high / gap_mean_20d:high / gap_mean_20d:high / gap_mean_20d:high / gap_mean_20d:high
12,3,6,0.06,0.5,0.0031611421159515748,-0.03868986319189406,0.03365197207769773,5,"0.02400,0.01055,-0.03869,0.01849,-0.00995,-0.00646,0.02980,-0.01623,0.00838,-0.03079,0.03365,0.01518",ret_1d:high|amount_z_20d:high|ret_15d:low / ret_1d:high|gap_mean_20d:high|drawdown_20d:low / ret_1d:high|ret_15d:low|amount_z_20d:high / overnight_vol_20d:low|vol_ratio_5_20:low|ret_1d:high / vol_ratio_5_20:low|overnight_vol_20d:low|gap_mean_20d:high / ret_1d:high|ret_3d:high|ret_15d:low / ret_1d:high|intraday_mean_20d:low|vol_ratio_5_20:low / ret_1d:high|gap_mean_20d:high|ret_3d:high / intraday_mean_20d:low|vol_ratio_5_20:low|overnight_vol_20d:low / obv_20d:high|vol_ratio_5_20:low|ret_1d:high / ret_1d:high|ret_3d:high|obv_20d:high / ret_1d:high|amount_z_20d:high|ret_3d:high
12,2,6,0.08,0.25,0.003156785489896315,-0.04518554985715529,0.06540576574440413,5,"-0.00183,0.00620,-0.04519,0.02772,-0.03239,0.01589,0.01507,-0.02924,0.00946,-0.03550,0.06541,0.04229",ret_1d:high|amount_z_20d:high / ret_1d:high|gap_mean_20d:high / ret_1d:high|amount_z_20d:high / overnight_vol_20d:low|ret_1d:high / overnight_vol_20d:low|vol_ratio_5_20:low / ret_1d:high|ret_3d:high / ret_1d:high|overnight_vol_20d:low / ret_1d:high|ret_15d:low / intraday_mean_20d:low|vol_ratio_5_20:low / obv_20d:high|vol_ratio_5_20:low / ret_1d:high|ret_3d:high / ret_1d:high|ret_3d:high
12,3,4,0.06,0.5,0.0030139620948695174,-0.038013742708319524,0.03387265843452954,5,"0.01931,0.01097,-0.03801,0.01875,-0.01104,-0.00487,0.02888,-0.01556,0.00891,-0.03030,0.03387,0.01525",ret_1d:high|amount_z_20d:high|ret_15d:low / ret_1d:high|gap_mean_20d:high|drawdown_20d:low / ret_1d:high|ret_15d:low|amount_z_20d:high / overnight_vol_20d:low|vol_ratio_5_20:low|ret_1d:high / vol_ratio_5_20:low|overnight_vol_20d:low|gap_mean_20d:high / ret_1d:high|ret_3d:high|ret_15d:low / ret_1d:high|intraday_mean_20d:low|vol_ratio_5_20:low / ret_1d:high|gap_mean_20d:high|ret_3d:high / intraday_mean_20d:low|vol_ratio_5_20:low|overnight_vol_20d:low / obv_20d:high|vol_ratio_5_20:low|ret_1d:high / ret_1d:high|ret_3d:high|obv_20d:high / ret_1d:high|amount_z_20d:high|ret_3d:high
12,2,4,0.08,0.25,0.002906610189910645,-0.04574129451800102,0.059107754517027454,5,"-0.00284,0.00865,-0.04574,0.02776,-0.03170,0.01688,0.01538,-0.02739,0.00959,-0.03615,0.05911,0.04132",ret_1d:high|amount_z_20d:high / ret_1d:high|gap_mean_20d:high / ret_1d:high|amount_z_20d:high / overnight_vol_20d:low|ret_1d:high / overnight_vol_20d:low|vol_ratio_5_20:low / ret_1d:high|ret_3d:high / ret_1d:high|overnight_vol_20d:low / ret_1d:high|ret_15d:low / intraday_mean_20d:low|vol_ratio_5_20:low / obv_20d:high|vol_ratio_5_20:low / ret_1d:high|ret_3d:high / ret_1d:high|ret_3d:high
12,3,4,0.06,0.25,0.0028885485602564652,-0.038013742708319524,0.034718878416550525,5,"-0.00386,0.01193,-0.03801,0.02610,-0.03124,0.00122,0.03472,-0.00692,0.01081,-0.02239,0.03424,0.01807",ret_1d:high|amount_z_20d:high|ret_15d:low / ret_1d:high|gap_mean_20d:high|amount_z_20d:high / ret_1d:high|amount_z_20d:high|ret_15d:low / overnight_vol_20d:low|ret_1d:high|vol_ratio_5_20:low / overnight_vol_20d:low|vol_ratio_5_20:low|gap_mean_20d:high / ret_1d:high|ret_3d:high|ret_15d:low / ret_1d:high|overnight_vol_20d:low|vol_ratio_5_20:low / ret_1d:high|ret_15d:low|drawdown_20d:low / intraday_mean_20d:low|vol_ratio_5_20:low|drawdown_20d:low / obv_20d:high|vol_ratio_5_20:low|ret_1d:high / ret_1d:high|ret_3d:high|obv_20d:high / ret_1d:high|ret_3d:high|amount_z_20d:high
12,2,6,0.1,0.25,0.0020481397912235546,-0.054959746355198354,0.06461320236813782,5,"-0.00676,0.00826,-0.05496,0.02794,-0.03160,0.03126,0.01562,-0.04190,0.00916,-0.04058,0.06461,0.04352",ret_1d:high|amount_z_20d:high / ret_1d:high|gap_mean_20d:high / ret_1d:high|amount_z_20d:high / overnight_vol_20d:low|ret_1d:high / overnight_vol_20d:low|vol_ratio_5_20:low / ret_1d:high|ret_3d:high / ret_1d:high|overnight_vol_20d:low / ret_1d:high|ret_15d:low / intraday_mean_20d:low|vol_ratio_5_20:low / obv_20d:high|vol_ratio_5_20:low / ret_1d:high|ret_3d:high / ret_1d:high|ret_3d:high
12,2,4,0.1,0.25,0.0020216443982747773,-0.05090558882040716,0.06260460699605,5,"-0.00703,0.00632,-0.05091,0.02851,-0.03206,0.02671,0.01670,-0.03723,0.01048,-0.03717,0.06260,0.03735",ret_1d:high|amount_z_20d:high / ret_1d:high|gap_mean_20d:high / ret_1d:high|amount_z_20d:high / overnight_vol_20d:low|ret_1d:high / overnight_vol_20d:low|vol_ratio_5_20:low / ret_1d:high|ret_3d:high / ret_1d:high|overnight_vol_20d:low / ret_1d:high|ret_15d:low / intraday_mean_20d:low|vol_ratio_5_20:low / obv_20d:high|vol_ratio_5_20:low / ret_1d:high|ret_3d:high / ret_1d:high|ret_3d:high
999,3,4,0.1,0.5,0.0013967108158923589,-0.06518626657526123,0.03710256532260283,5,"-0.01112,0.02921,-0.06519,0.01978,-0.02357,-0.04166,0.01875,-0.01793,0.03152,0.03710,0.01255,0.02730",gap_mean_20d:high|ret_1d:high|drawdown_20d:low / gap_mean_20d:high|ret_1d:high|drawdown_20d:low / gap_mean_20d:high|ret_1d:high|drawdown_20d:low / gap_mean_20d:high|ret_1d:high|drawdown_20d:low / gap_mean_20d:high|ret_1d:high|drawdown_20d:low / gap_mean_20d:high|ret_1d:high|drawdown_20d:low / gap_mean_20d:high|ret_1d:high|drawdown_20d:low / gap_mean_20d:high|ret_1d:high|drawdown_20d:low / gap_mean_20d:high|ret_1d:high|drawdown_20d:low / gap_mean_20d:high|ret_1d:high|amount_z_20d:high / gap_mean_20d:high|ret_1d:high|drawdown_20d:low / gap_mean_20d:high|ret_1d:high|drawdown_20d:low
999,3,6,0.1,0.5,0.0011548969464147552,-0.06887795281215105,0.04107018792232948,5,"-0.01201,0.03088,-0.06888,0.01866,-0.02274,-0.04413,0.01768,-0.01856,0.03047,0.04107,0.01179,0.02963",gap_mean_20d:high|ret_1d:high|drawdown_20d:low / gap_mean_20d:high|ret_1d:high|drawdown_20d:low / gap_mean_20d:high|ret_1d:high|drawdown_20d:low / gap_mean_20d:high|ret_1d:high|drawdown_20d:low / gap_mean_20d:high|ret_1d:high|drawdown_20d:low / gap_mean_20d:high|ret_1d:high|drawdown_20d:low / gap_mean_20d:high|ret_1d:high|drawdown_20d:low / gap_mean_20d:high|ret_1d:high|drawdown_20d:low / gap_mean_20d:high|ret_1d:high|drawdown_20d:low / gap_mean_20d:high|ret_1d:high|amount_z_20d:high / gap_mean_20d:high|ret_1d:high|drawdown_20d:low / gap_mean_20d:high|ret_1d:high|drawdown_20d:low
20,2,4,0.06,0.5,0.0010989264977882723,-0.044321000055516355,0.03429542376476867,6,"0.02788,0.01097,-0.04432,0.00829,-0.03052,-0.00295,0.02101,-0.01029,-0.00898,-0.00457,0.03430,0.01237",ret_1d:high|amount_z_20d:high / ret_1d:high|ret_15d:low / ret_1d:high|ret_15d:low / drawdown_20d:low|gap_mean_20d:high / vol_ratio_5_20:low|overnight_vol_20d:low / ret_1d:high|ret_3d:high / ret_1d:high|vol_ratio_5_20:low / ret_1d:high|vol_ratio_5_20:low / intraday_mean_20d:low|overnight_vol_20d:low / obv_20d:high|overnight_vol_20d:low / ret_1d:high|amount_z_20d:high / ret_1d:high|amount_z_20d:high
20,2,6,0.06,0.5,0.0009781504412295502,-0.0452017975725277,0.033465191369440456,6,"0.02748,0.01055,-0.04520,0.01031,-0.03075,-0.00410,0.01909,-0.01089,-0.00833,-0.00276,0.03347,0.01287",ret_1d:high|amount_z_20d:high / ret_1d:high|ret_15d:low / ret_1d:high|ret_15d:low / drawdown_20d:low|gap_mean_20d:high / vol_ratio_5_20:low|overnight_vol_20d:low / ret_1d:high|ret_3d:high / ret_1d:high|vol_ratio_5_20:low / ret_1d:high|vol_ratio_5_20:low / intraday_mean_20d:low|overnight_vol_20d:low / obv_20d:high|overnight_vol_20d:low / ret_1d:high|amount_z_20d:high / ret_1d:high|amount_z_20d:high
999,3,4,0.08,0.5,0.0008048565239294542,-0.06303579366818268,0.036256522306823004,5,"-0.01671,0.02803,-0.06304,0.01776,-0.01677,-0.03444,0.01931,-0.01448,0.02261,0.03626,0.00852,0.02260",gap_mean_20d:high|ret_1d:high|drawdown_20d:low / gap_mean_20d:high|ret_1d:high|drawdown_20d:low / gap_mean_20d:high|ret_1d:high|drawdown_20d:low / gap_mean_20d:high|ret_1d:high|drawdown_20d:low / gap_mean_20d:high|ret_1d:high|drawdown_20d:low / gap_mean_20d:high|ret_1d:high|drawdown_20d:low / gap_mean_20d:high|ret_1d:high|drawdown_20d:low / gap_mean_20d:high|ret_1d:high|drawdown_20d:low / gap_mean_20d:high|ret_1d:high|drawdown_20d:low / gap_mean_20d:high|ret_1d:high|amount_z_20d:high / gap_mean_20d:high|ret_1d:high|drawdown_20d:low / gap_mean_20d:high|ret_1d:high|drawdown_20d:low
999,3,6,0.08,0.5,0.0007179908030168026,-0.06332718460729227,0.03614700669813937,5,"-0.01860,0.02738,-0.06333,0.01891,-0.01582,-0.03549,0.01973,-0.01584,0.02315,0.03615,0.00792,0.02445",gap_mean_20d:high|ret_1d:high|drawdown_20d:low / gap_mean_20d:high|ret_1d:high|drawdown_20d:low / gap_mean_20d:high|ret_1d:high|drawdown_20d:low / gap_mean_20d:high|ret_1d:high|drawdown_20d:low / gap_mean_20d:high|ret_1d:high|drawdown_20d:low / gap_mean_20d:high|ret_1d:high|drawdown_20d:low / gap_mean_20d:high|ret_1d:high|drawdown_20d:low / gap_mean_20d:high|ret_1d:high|drawdown_20d:low / gap_mean_20d:high|ret_1d:high|drawdown_20d:low / gap_mean_20d:high|ret_1d:high|amount_z_20d:high / gap_mean_20d:high|ret_1d:high|drawdown_20d:low / gap_mean_20d:high|ret_1d:high|drawdown_20d:low
999,3,6,0.06,0.5,0.0006844859008667692,-0.05280613438874801,0.03024323263993974,5,"-0.02402,0.02965,-0.05281,0.01745,-0.01317,-0.02402,0.01921,-0.00699,0.01532,0.03024,0.00584,0.01151",gap_mean_20d:high|ret_1d:high|drawdown_20d:low / gap_mean_20d:high|ret_1d:high|drawdown_20d:low / gap_mean_20d:high|ret_1d:high|drawdown_20d:low / gap_mean_20d:high|ret_1d:high|drawdown_20d:low / gap_mean_20d:high|ret_1d:high|drawdown_20d:low / gap_mean_20d:high|ret_1d:high|drawdown_20d:low / gap_mean_20d:high|ret_1d:high|drawdown_20d:low / gap_mean_20d:high|ret_1d:high|drawdown_20d:low / gap_mean_20d:high|ret_1d:high|drawdown_20d:low / gap_mean_20d:high|ret_1d:high|amount_z_20d:high / gap_mean_20d:high|ret_1d:high|drawdown_20d:low / gap_mean_20d:high|ret_1d:high|drawdown_20d:low
999,3,4,0.06,0.5,0.0004050658933660537,-0.055433099461361574,0.029902214932001014,5,"-0.02147,0.02861,-0.05543,0.01717,-0.01343,-0.02441,0.01959,-0.00810,0.01476,0.02990,0.00564,0.01203",gap_mean_20d:high|ret_1d:high|drawdown_20d:low / gap_mean_20d:high|ret_1d:high|drawdown_20d:low / gap_mean_20d:high|ret_1d:high|drawdown_20d:low / gap_mean_20d:high|ret_1d:high|drawdown_20d:low / gap_mean_20d:high|ret_1d:high|drawdown_20d:low / gap_mean_20d:high|ret_1d:high|drawdown_20d:low / gap_mean_20d:high|ret_1d:high|drawdown_20d:low / gap_mean_20d:high|ret_1d:high|drawdown_20d:low / gap_mean_20d:high|ret_1d:high|drawdown_20d:low / gap_mean_20d:high|ret_1d:high|amount_z_20d:high / gap_mean_20d:high|ret_1d:high|drawdown_20d:low / gap_mean_20d:high|ret_1d:high|drawdown_20d:low
999,1,4,0.08,0.5,-0.0001955422501181388,-0.056280511400620424,0.02835776395435854,5,"0.01049,-0.00685,0.01815,-0.05628,-0.01484,-0.02126,0.00305,0.01352,0.02257,0.01297,0.02836,-0.01222",gap_mean_20d:high / gap_mean_20d:high / gap_mean_20d:high / gap_mean_20d:high / gap_mean_20d:high / gap_mean_20d:high / gap_mean_20d:high / gap_mean_20d:high / gap_mean_20d:high / gap_mean_20d:high / gap_mean_20d:high / gap_mean_20d:high
999,1,6,0.08,0.5,-0.0007901592578808773,-0.058359346500206744,0.025642471949390885,5,"0.00831,-0.00923,0.01952,-0.05836,-0.01803,-0.02034,0.00342,0.01397,0.02415,0.01114,0.02564,-0.00967",gap_mean_20d:high / gap_mean_20d:high / gap_mean_20d:high / gap_mean_20d:high / gap_mean_20d:high / gap_mean_20d:high / gap_mean_20d:high / gap_mean_20d:high / gap_mean_20d:high / gap_mean_20d:high / gap_mean_20d:high / gap_mean_20d:high
12,3,4,0.08,0.25,-0.0015791204559174026,-0.04574129451800102,0.04560333086247274,6,"-0.01218,0.00865,-0.04574,0.02760,-0.03170,-0.01360,0.03101,-0.02739,0.00959,-0.02954,0.04560,0.01873",ret_1d:high|amount_z_20d:high|ret_15d:low / ret_1d:high|gap_mean_20d:high|amount_z_20d:high / ret_1d:high|amount_z_20d:high|ret_15d:low / overnight_vol_20d:low|ret_1d:high|vol_ratio_5_20:low / overnight_vol_20d:low|vol_ratio_5_20:low|gap_mean_20d:high / ret_1d:high|ret_3d:high|ret_15d:low / ret_1d:high|overnight_vol_20d:low|vol_ratio_5_20:low / ret_1d:high|ret_15d:low|drawdown_20d:low / intraday_mean_20d:low|vol_ratio_5_20:low|drawdown_20d:low / obv_20d:high|vol_ratio_5_20:low|ret_1d:high / ret_1d:high|ret_3d:high|obv_20d:high / ret_1d:high|ret_3d:high|amount_z_20d:high
999,1,4,0.1,0.5,-0.0021679897777315414,-0.05518385686018753,0.034118105023015245,5,"0.00035,-0.00602,0.00935,-0.05518,-0.01453,-0.02409,0.00294,0.02119,0.02259,0.00456,0.03412,-0.02129",gap_mean_20d:high / gap_mean_20d:high / gap_mean_20d:high / gap_mean_20d:high / gap_mean_20d:high / gap_mean_20d:high / gap_mean_20d:high / gap_mean_20d:high / gap_mean_20d:high / gap_mean_20d:high / gap_mean_20d:high / gap_mean_20d:high
999,3,4,0.1,0.25,-0.0024147402102211225,-0.05090558882040716,0.031523963316631924,6,"-0.01112,0.02921,-0.05091,0.00253,-0.02357,-0.04166,0.01875,-0.01793,0.03152,-0.00567,0.01255,0.02730",ret_1d:high|gap_mean_20d:high|drawdown_20d:low / ret_1d:high|gap_mean_20d:high|drawdown_20d:low / ret_1d:high|gap_mean_20d:high|drawdown_20d:low / ret_1d:high|gap_mean_20d:high|drawdown_20d:low / ret_1d:high|gap_mean_20d:high|drawdown_20d:low / ret_1d:high|gap_mean_20d:high|drawdown_20d:low / ret_1d:high|gap_mean_20d:high|drawdown_20d:low / ret_1d:high|gap_mean_20d:high|drawdown_20d:low / ret_1d:high|gap_mean_20d:high|drawdown_20d:low / ret_1d:high|gap_mean_20d:high|drawdown_20d:low / ret_1d:high|gap_mean_20d:high|drawdown_20d:low / ret_1d:high|gap_mean_20d:high|drawdown_20d:low
999,1,6,0.1,0.5,-0.0025910860141402405,-0.06357653757480447,0.03608487129500745,6,"-0.00162,-0.00810,0.01018,-0.06358,-0.01703,-0.02479,0.00567,0.02197,0.02295,0.00798,0.03608,-0.02082",gap_mean_20d:high / gap_mean_20d:high / gap_mean_20d:high / gap_mean_20d:high / gap_mean_20d:high / gap_mean_20d:high / gap_mean_20d:high / gap_mean_20d:high / gap_mean_20d:high / gap_mean_20d:high / gap_mean_20d:high / gap_mean_20d:high
12,3,6,0.08,0.25,-0.0026399670708438044,-0.04518554985715529,0.043253418060750844,6,"-0.01608,0.00620,-0.04519,0.02730,-0.03239,-0.01229,0.03055,-0.02924,0.00946,-0.03174,0.04325,0.01847",ret_1d:high|amount_z_20d:high|ret_15d:low / ret_1d:high|gap_mean_20d:high|amount_z_20d:high / ret_1d:high|amount_z_20d:high|ret_15d:low / overnight_vol_20d:low|ret_1d:high|vol_ratio_5_20:low / overnight_vol_20d:low|vol_ratio_5_20:low|gap_mean_20d:high / ret_1d:high|ret_3d:high|ret_15d:low / ret_1d:high|overnight_vol_20d:low|vol_ratio_5_20:low / ret_1d:high|ret_15d:low|drawdown_20d:low / intraday_mean_20d:low|vol_ratio_5_20:low|drawdown_20d:low / obv_20d:high|vol_ratio_5_20:low|ret_1d:high / ret_1d:high|ret_3d:high|obv_20d:high / ret_1d:high|ret_3d:high|amount_z_20d:high
999,3,6,0.1,0.25,-0.0028569109370026324,-0.054959746355198354,0.030875362733036833,6,"-0.01201,0.03088,-0.05496,0.00444,-0.02274,-0.04413,0.01768,-0.01856,0.03047,-0.00676,0.01179,0.02963",ret_1d:high|gap_mean_20d:high|drawdown_20d:low / ret_1d:high|gap_mean_20d:high|drawdown_20d:low / ret_1d:high|gap_mean_20d:high|drawdown_20d:low / ret_1d:high|gap_mean_20d:high|drawdown_20d:low / ret_1d:high|gap_mean_20d:high|drawdown_20d:low / ret_1d:high|gap_mean_20d:high|drawdown_20d:low / ret_1d:high|gap_mean_20d:high|drawdown_20d:low / ret_1d:high|gap_mean_20d:high|drawdown_20d:low / ret_1d:high|gap_mean_20d:high|drawdown_20d:low / ret_1d:high|gap_mean_20d:high|drawdown_20d:low / ret_1d:high|gap_mean_20d:high|drawdown_20d:low / ret_1d:high|gap_mean_20d:high|drawdown_20d:low
999,3,6,0.08,0.25,-0.0030024948800418303,-0.04518554985715529,0.02737526780904684,7,"-0.01860,0.02738,-0.04519,-0.00773,-0.01582,-0.03549,0.01973,-0.01584,0.02315,-0.00000,0.00792,0.02445",ret_1d:high|gap_mean_20d:high|drawdown_20d:low / ret_1d:high|gap_mean_20d:high|drawdown_20d:low / ret_1d:high|gap_mean_20d:high|drawdown_20d:low / ret_1d:high|gap_mean_20d:high|drawdown_20d:low / ret_1d:high|gap_mean_20d:high|drawdown_20d:low / ret_1d:high|gap_mean_20d:high|drawdown_20d:low / ret_1d:high|gap_mean_20d:high|drawdown_20d:low / ret_1d:high|gap_mean_20d:high|drawdown_20d:low / ret_1d:high|gap_mean_20d:high|drawdown_20d:low / ret_1d:high|gap_mean_20d:high|drawdown_20d:low / ret_1d:high|gap_mean_20d:high|drawdown_20d:low / ret_1d:high|gap_mean_20d:high|drawdown_20d:low
999,3,4,0.08,0.25,-0.0031593962701448202,-0.04574129451800102,0.02802915486899485,7,"-0.01671,0.02803,-0.04574,-0.00890,-0.01677,-0.03444,0.01931,-0.01448,0.02261,-0.00195,0.00852,0.02260",ret_1d:high|gap_mean_20d:high|drawdown_20d:low / ret_1d:high|gap_mean_20d:high|drawdown_20d:low / ret_1d:high|gap_mean_20d:high|drawdown_20d:low / ret_1d:high|gap_mean_20d:high|drawdown_20d:low / ret_1d:high|gap_mean_20d:high|drawdown_20d:low / ret_1d:high|gap_mean_20d:high|drawdown_20d:low / ret_1d:high|gap_mean_20d:high|drawdown_20d:low / ret_1d:high|gap_mean_20d:high|drawdown_20d:low / ret_1d:high|gap_mean_20d:high|drawdown_20d:low / ret_1d:high|gap_mean_20d:high|drawdown_20d:low / ret_1d:high|gap_mean_20d:high|drawdown_20d:low / ret_1d:high|gap_mean_20d:high|drawdown_20d:low
12,3,4,0.1,0.25,-0.0033484166235269314,-0.05090558882040716,0.06454705458317697,6,"-0.01857,0.00632,-0.05091,0.02917,-0.03206,-0.02390,0.03040,-0.03723,0.01048,-0.04082,0.06455,0.02240",ret_1d:high|amount_z_20d:high|ret_15d:low / ret_1d:high|gap_mean_20d:high|amount_z_20d:high / ret_1d:high|amount_z_20d:high|ret_15d:low / overnight_vol_20d:low|ret_1d:high|vol_ratio_5_20:low / overnight_vol_20d:low|vol_ratio_5_20:low|gap_mean_20d:high / ret_1d:high|ret_3d:high|ret_15d:low / ret_1d:high|overnight_vol_20d:low|vol_ratio_5_20:low / ret_1d:high|ret_15d:low|drawdown_20d:low / intraday_mean_20d:low|vol_ratio_5_20:low|drawdown_20d:low / obv_20d:high|vol_ratio_5_20:low|ret_1d:high / ret_1d:high|ret_3d:high|obv_20d:high / ret_1d:high|ret_3d:high|amount_z_20d:high
999,3,4,0.06,0.25,-0.003906440002993622,-0.038013742708319524,0.028608246087188816,6,"-0.02147,0.02861,-0.03801,-0.02471,-0.01343,-0.02441,0.01959,-0.00810,0.01476,0.00263,0.00564,0.01203",ret_1d:high|gap_mean_20d:high|drawdown_20d:low / ret_1d:high|gap_mean_20d:high|drawdown_20d:low / ret_1d:high|gap_mean_20d:high|drawdown_20d:low / ret_1d:high|gap_mean_20d:high|drawdown_20d:low / ret_1d:high|gap_mean_20d:high|drawdown_20d:low / ret_1d:high|gap_mean_20d:high|drawdown_20d:low / ret_1d:high|gap_mean_20d:high|drawdown_20d:low / ret_1d:high|gap_mean_20d:high|drawdown_20d:low / ret_1d:high|gap_mean_20d:high|drawdown_20d:low / ret_1d:high|gap_mean_20d:high|drawdown_20d:low / ret_1d:high|gap_mean_20d:high|drawdown_20d:low / ret_1d:high|gap_mean_20d:high|drawdown_20d:low
999,3,6,0.06,0.25,-0.0040765519335302335,-0.03868986319189406,0.029651232170463573,6,"-0.02402,0.02965,-0.03869,-0.02650,-0.01317,-0.02402,0.01921,-0.00699,0.01532,0.00295,0.00584,0.01151",ret_1d:high|gap_mean_20d:high|drawdown_20d:low / ret_1d:high|gap_mean_20d:high|drawdown_20d:low / ret_1d:high|gap_mean_20d:high|drawdown_20d:low / ret_1d:high|gap_mean_20d:high|drawdown_20d:low / ret_1d:high|gap_mean_20d:high|drawdown_20d:low / ret_1d:high|gap_mean_20d:high|drawdown_20d:low / ret_1d:high|gap_mean_20d:high|drawdown_20d:low / ret_1d:high|gap_mean_20d:high|drawdown_20d:low / ret_1d:high|gap_mean_20d:high|drawdown_20d:low / ret_1d:high|gap_mean_20d:high|drawdown_20d:low / ret_1d:high|gap_mean_20d:high|drawdown_20d:low / ret_1d:high|gap_mean_20d:high|drawdown_20d:low
12,3,6,0.1,0.25,-0.004350610143548477,-0.054959746355198354,0.06472040746326975,6,"-0.02013,0.00826,-0.05496,0.02982,-0.03160,-0.02699,0.02932,-0.04190,0.00916,-0.03967,0.06472,0.02177",ret_1d:high|amount_z_20d:high|ret_15d:low / ret_1d:high|gap_mean_20d:high|amount_z_20d:high / ret_1d:high|amount_z_20d:high|ret_15d:low / overnight_vol_20d:low|ret_1d:high|vol_ratio_5_20:low / overnight_vol_20d:low|vol_ratio_5_20:low|gap_mean_20d:high / ret_1d:high|ret_3d:high|ret_15d:low / ret_1d:high|overnight_vol_20d:low|vol_ratio_5_20:low / ret_1d:high|ret_15d:low|drawdown_20d:low / intraday_mean_20d:low|vol_ratio_5_20:low|drawdown_20d:low / obv_20d:high|vol_ratio_5_20:low|ret_1d:high / ret_1d:high|ret_3d:high|obv_20d:high / ret_1d:high|ret_3d:high|amount_z_20d:high
